name,slug,url,n,quality,price_median,psf_median,psf_yoy,n_yoy,offplan_share
Madinat Al Mataar,madinat-al-mataar,https://datadubai.ae/areas/madinat-al-mataar/,16357,ok,1100000.0,1637.47,3.3,59.3,89.9
Al Barsha South Fourth,al-barsha-south-fourth,https://datadubai.ae/areas/al-barsha-south-fourth/,13836,ok,1054237.0,1502.76,7.2,-24.8,64.2
Wadi Al Safa 5,wadi-al-safa-5,https://datadubai.ae/areas/wadi-al-safa-5/,9679,ok,1024944.5,1474.41,8.9,-18.6,84.5
Business Bay,business-bay,https://datadubai.ae/areas/business-bay/,9158,ok,2063749.5,2539.54,6.0,-26.0,61.3
Wadi Al Safa 3,wadi-al-safa-3,https://datadubai.ae/areas/wadi-al-safa-3/,8204,ok,984801.5,1526.61,5.6,74.5,79.9
Jabal Ali First,jabal-ali-first,https://datadubai.ae/areas/jabal-ali-first/,8082,ok,1492000.0,1543.28,18.0,15.4,67.4
Palm Deira,palm-deira,https://datadubai.ae/areas/palm-deira/,5346,ok,2844828.0,2713.53,18.2,64.6,97.7
Dubai Investment Park Second,dubai-investment-park-second,https://datadubai.ae/areas/dubai-investment-park-second/,5186,ok,1450500.0,1498.05,-2.8,-0.9,83.4
Al Barsha South Fifth,al-barsha-south-fifth,https://datadubai.ae/areas/al-barsha-south-fifth/,4967,ok,1159900.0,1658.3,15.2,22.7,85.0
Al Yelayiss 1,al-yelayiss-1,https://datadubai.ae/areas/al-yelayiss-1/,4516,ok,2903000.0,1821.93,64.2,-27.4,76.5
Me'Aisem First,meaisem-first,https://datadubai.ae/areas/meaisem-first/,4322,ok,1040000.0,1355.35,1.9,-20.0,63.2
Al Hebiah First,al-hebiah-first,https://datadubai.ae/areas/al-hebiah-first/,4310,ok,1183674.0,1780.0,-6.1,-22.7,76.7
Madinat Dubai Almelaheyah,madinat-dubai-almelaheyah,https://datadubai.ae/areas/madinat-dubai-almelaheyah/,4228,ok,2476000.0,3095.95,13.6,1.6,98.5
Al Barshaa South Second,al-barshaa-south-second,https://datadubai.ae/areas/al-barshaa-south-second/,4150,ok,1075000.0,1755.43,11.5,15.4,95.2
Marsa Dubai,marsa-dubai,https://datadubai.ae/areas/marsa-dubai/,4124,ok,2519965.0,2210.77,-11.1,-53.5,22.9
Al Barshaa South Third,al-barshaa-south-third,https://datadubai.ae/areas/al-barshaa-south-third/,4090,ok,926317.5,1552.97,14.5,11.7,63.3
Al Khairan First,al-khairan-first,https://datadubai.ae/areas/al-khairan-first/,4035,ok,2628286.5,2563.33,6.0,6.5,67.0
Al Thanyah Fifth,al-thanyah-fifth,https://datadubai.ae/areas/al-thanyah-fifth/,4030,ok,2067414.0,2241.38,5.7,-31.6,49.3
Wadi Al Safa 4,wadi-al-safa-4,https://datadubai.ae/areas/wadi-al-safa-4/,3968,ok,978060.0,1734.74,-4.1,55.6,98.4
Al Hebiah Fourth,al-hebiah-fourth,https://datadubai.ae/areas/al-hebiah-fourth/,3918,ok,1050000.0,1327.67,13.8,6.2,55.8
Al Hebiah Fifth,al-hebiah-fifth,https://datadubai.ae/areas/al-hebiah-fifth/,3470,ok,1481200.0,1710.69,3.2,-5.7,58.7
Burj Khalifa,burj-khalifa,https://datadubai.ae/areas/burj-khalifa/,3268,ok,2791600.0,2940.88,10.8,-32.5,33.4
Hadaeq Sheikh Mohammed Bin Rashid,hadaeq-sheikh-mohammed-bin-rashid,https://datadubai.ae/areas/hadaeq-sheikh-mohammed-bin-rashid/,3235,ok,2542888.0,2375.81,-0.5,-48.6,49.2
Bukadra,bukadra,https://datadubai.ae/areas/bukadra/,2971,ok,2118076.0,2474.24,2.2,-46.2,99.1
Al Merkadh,al-merkadh,https://datadubai.ae/areas/al-merkadh/,2967,ok,1471434.0,2057.88,-0.1,-31.3,22.8
Al Jadaf,al-jadaf,https://datadubai.ae/areas/al-jadaf/,2954,ok,1396000.0,2028.96,18.7,22.5,79.9
Nad Al Shiba First,nad-al-shiba-first,https://datadubai.ae/areas/nad-al-shiba-first/,2941,ok,2335000.0,3395.27,97.9,190.6,75.5
Jabal Ali Industrial Second,jabal-ali-industrial-second,https://datadubai.ae/areas/jabal-ali-industrial-second/,2718,ok,732582.0,1659.01,27.1,196.1,94.0
Nadd Hessa,nadd-hessa,https://datadubai.ae/areas/nadd-hessa/,2491,ok,1000000.0,1250.0,-8.8,-27.3,48.7
Al Yelayiss 2,al-yelayiss-2,https://datadubai.ae/areas/al-yelayiss-2/,2266,ok,1413388.0,1514.32,13.9,-14.7,54.1
Al Warsan First,al-warsan-first,https://datadubai.ae/areas/al-warsan-first/,2261,ok,518800.0,712.26,14.7,-1.1,29.6
Al Hebiah Third,al-hebiah-third,https://datadubai.ae/areas/al-hebiah-third/,1947,ok,1317560.0,1669.58,27.7,20.5,51.9
Dubai Investment Park First,dubai-investment-park-first,https://datadubai.ae/areas/dubai-investment-park-first/,1833,ok,1201600.0,1217.01,22.1,254.5,83.7
Al Yufrah 1,al-yufrah-1,https://datadubai.ae/areas/al-yufrah-1/,1815,ok,3470000.0,1521.6,14.9,-50.0,56.6
Al Hebiah Second,al-hebiah-second,https://datadubai.ae/areas/al-hebiah-second/,1809,ok,734400.0,1462.44,3.0,20.9,70.5
Wadi Al Safa 2,wadi-al-safa-2,https://datadubai.ae/areas/wadi-al-safa-2/,1801,ok,1118164.0,1393.11,23.3,6.1,68.0
Warsan Fourth,warsan-fourth,https://datadubai.ae/areas/warsan-fourth/,1733,ok,836448.0,1120.29,17.1,6.0,64.3
Al Satwa,al-satwa,https://datadubai.ae/areas/al-satwa/,1623,ok,1436864.0,2286.27,14.6,46.9,92.1
Al Wasl,al-wasl,https://datadubai.ae/areas/al-wasl/,1581,ok,3200000.0,3170.63,5.0,-19.5,75.2
Madinat Hind 4,madinat-hind-4,https://datadubai.ae/areas/madinat-hind-4/,1568,ok,1550000.0,1142.25,-5.8,-70.5,4.3
Palm Jumeirah,palm-jumeirah,https://datadubai.ae/areas/palm-jumeirah/,1416,ok,4650000.0,2631.77,3.2,-13.6,31.7
Saih Shuaib 2,saih-shuaib-2,https://datadubai.ae/areas/saih-shuaib-2/,1057,ok,689500.0,1440.0,2.9,51.6,82.3
Wadi Al Safa 7,wadi-al-safa-7,https://datadubai.ae/areas/wadi-al-safa-7/,981,ok,1605382.0,1327.69,12.2,-62.2,33.4
Al Yelayiss 5,al-yelayiss-5,https://datadubai.ae/areas/al-yelayiss-5/,924,ok,7843888.0,,,,0.0
Zaabeel Second,zaabeel-second,https://datadubai.ae/areas/zaabeel-second/,864,ok,3880000.0,3144.6,15.0,68.1,85.3
Al Safouh First,al-safouh-first,https://datadubai.ae/areas/al-safouh-first/,725,ok,2345310.0,2362.02,31.2,283.6,89.8
Palm Jabal Ali,palm-jabal-ali,https://datadubai.ae/areas/palm-jabal-ali/,699,ok,7801500.0,3498.79,,9.6,55.9
Me'Aisem Second,meaisem-second,https://datadubai.ae/areas/meaisem-second/,678,ok,15831888.0,,,-40.8,0.0
Trade Center Second,trade-center-second,https://datadubai.ae/areas/trade-center-second/,645,ok,6402000.0,4572.1,1.3,139.8,94.3
Saih Shuaib 1,saih-shuaib-1,https://datadubai.ae/areas/saih-shuaib-1/,643,ok,5434261.5,2712.4,,46.1,61.0
Al Thanyah Third,al-thanyah-third,https://datadubai.ae/areas/al-thanyah-third/,627,ok,2130000.0,1897.15,9.4,-27.0,6.5
Ras Al Khor Industrial First,ras-al-khor-industrial-first,https://datadubai.ae/areas/ras-al-khor-industrial-first/,609,ok,2200000.0,2345.91,5.9,-33.3,98.5
Al Hebiah Sixth,al-hebiah-sixth,https://datadubai.ae/areas/al-hebiah-sixth/,599,ok,3600000.0,1699.41,24.4,26.4,26.2
Al Thanayah Fourth,al-thanayah-fourth,https://datadubai.ae/areas/al-thanayah-fourth/,529,ok,4999000.0,1656.99,11.4,-24.4,0.0
Um Suqaim Third,um-suqaim-third,https://datadubai.ae/areas/um-suqaim-third/,470,ok,3458000.0,2794.09,2.0,26.7,68.5
Al Safouh Second,al-safouh-second,https://datadubai.ae/areas/al-safouh-second/,445,ok,2300000.0,1631.32,-46.9,70.5,28.1
Al Kifaf,al-kifaf,https://datadubai.ae/areas/al-kifaf/,409,ok,2679777.0,2214.44,6.3,-63.7,74.8
Al Thanyah First,al-thanyah-first,https://datadubai.ae/areas/al-thanyah-first/,355,ok,1800000.0,1500.0,-9.5,-30.5,7.6
Jumeirah First,jumeirah-first,https://datadubai.ae/areas/jumeirah-first/,353,ok,3600000.0,2915.72,0.2,5.7,40.2
Wadi Al Safa 6,wadi-al-safa-6,https://datadubai.ae/areas/wadi-al-safa-6/,281,ok,6800000.0,1445.86,4.5,-19.3,0.0
Mirdif,mirdif,https://datadubai.ae/areas/mirdif/,268,ok,2167641.0,1323.01,11.1,-7.6,34.3
Trade Center First,trade-center-first,https://datadubai.ae/areas/trade-center-first/,233,ok,3785403.5,3547.52,-1.8,-21.8,85.8
Jabal Ali,jabal-ali,https://datadubai.ae/areas/jabal-ali/,226,ok,565000.0,954.51,16.2,-66.4,0.0
Jumeirah Second,jumeirah-second,https://datadubai.ae/areas/jumeirah-second/,157,ok,7434975.0,3782.14,-9.1,0.6,77.7
Al Goze Fourth,al-goze-fourth,https://datadubai.ae/areas/al-goze-fourth/,139,ok,965000.0,884.4,12.7,-26.5,0.0
Al Barsha First,al-barsha-first,https://datadubai.ae/areas/al-barsha-first/,130,ok,2791548.0,1800.0,12.8,52.9,73.1
Nad Al Hamar,nad-al-hamar,https://datadubai.ae/areas/nad-al-hamar/,108,ok,1500000.0,1088.03,-0.7,1.9,22.2
Nad Al Shiba,nad-al-shiba,https://datadubai.ae/areas/nad-al-shiba/,107,ok,740000.0,888.53,15.8,-61.6,0.0
Zaabeel First,zaabeel-first,https://datadubai.ae/areas/zaabeel-first/,106,ok,3863888.0,2949.72,4.5,-22.1,61.3
Hor Al Anz,hor-al-anz,https://datadubai.ae/areas/hor-al-anz/,98,ok,2300000.0,,,-6.7,0.0
Ghadeer Al tair,ghadeer-al-tair,https://datadubai.ae/areas/ghadeer-al-tair/,88,ok,14200000.0,,,-71.7,0.0
Um Suqaim First,um-suqaim-first,https://datadubai.ae/areas/um-suqaim-first/,83,ok,114689815.5,,,453.3,0.0
Al Qusais Industrial Fifth,al-qusais-industrial-fifth,https://datadubai.ae/areas/al-qusais-industrial-fifth/,82,ok,528000.0,599.94,,2633.3,0.0
Al Warsan Third,al-warsan-third,https://datadubai.ae/areas/al-warsan-third/,69,ok,1499000.0,,,-61.5,0.0
Saih Shuaib 4,saih-shuaib-4,https://datadubai.ae/areas/saih-shuaib-4/,65,ok,15485772.0,,,0.0,0.0
Saih Shuaib 3,saih-shuaib-3,https://datadubai.ae/areas/saih-shuaib-3/,62,ok,1827832.5,,,416.7,0.0
Abu Hail,abu-hail,https://datadubai.ae/areas/abu-hail/,60,ok,1800000.0,,,11.1,0.0
Muhaisanah First,muhaisanah-first,https://datadubai.ae/areas/muhaisanah-first/,60,ok,2042404.0,1375.17,5.5,-6.2,0.0
Al Rashidiya,al-rashidiya,https://datadubai.ae/areas/al-rashidiya/,58,ok,1850000.0,,,-23.7,0.0
Al Ttay,al-ttay,https://datadubai.ae/areas/al-ttay/,47,ok,4960828.0,,,840.0,0.0
World Islands,world-islands,https://datadubai.ae/areas/world-islands/,44,ok,2000000.0,2307.42,39.7,-68.3,88.6
Al Waheda,al-waheda,https://datadubai.ae/areas/al-waheda/,41,ok,1700000.0,,,-22.6,0.0
Al Kheeran,al-kheeran,https://datadubai.ae/areas/al-kheeran/,41,ok,3035000.0,1501.94,-5.3,-61.7,0.0
Al Khawaneej First,al-khawaneej-first,https://datadubai.ae/areas/al-khawaneej-first/,41,ok,8625000.0,,,51.9,0.0
Jabal Ali Industrial First,jabal-ali-industrial-first,https://datadubai.ae/areas/jabal-ali-industrial-first/,39,ok,15221375.0,,,77.3,0.0
Al Bada,al-bada,https://datadubai.ae/areas/al-bada/,38,ok,4750000.0,,,-28.3,0.0
Al Twar Fourth,al-twar-fourth,https://datadubai.ae/areas/al-twar-fourth/,33,ok,1763000.0,,,94.1,0.0
Al Rowaiyah First,al-rowaiyah-first,https://datadubai.ae/areas/al-rowaiyah-first/,32,ok,4180000.0,2926.72,,3100.0,90.6
Al Karama,al-karama,https://datadubai.ae/areas/al-karama/,28,ok,8750000.0,,,3.7,0.0
Al Goze First,al-goze-first,https://datadubai.ae/areas/al-goze-first/,28,ok,3537500.0,,,-9.7,0.0
Um Al Sheif,um-al-sheif,https://datadubai.ae/areas/um-al-sheif/,26,ok,17275000.0,,,13.0,0.0
Hessyan First,hessyan-first,https://datadubai.ae/areas/hessyan-first/,25,ok,810000.0,748.03,9.7,-24.2,0.0
Nad Al Shiba Third,nad-al-shiba-third,https://datadubai.ae/areas/nad-al-shiba-third/,25,ok,4950000.0,,,-44.4,0.0
Al Mamzer,al-mamzer,https://datadubai.ae/areas/al-mamzer/,25,ok,10350000.0,,,38.9,0.0
Island 2,island-2,https://datadubai.ae/areas/island-2/,22,ok,,,,-50.0,9.1
Naif,naif,https://datadubai.ae/areas/naif/,22,ok,8500000.0,,,-4.3,0.0
Port Saeed,port-saeed,https://datadubai.ae/areas/port-saeed/,21,ok,2208300.0,,,5.0,0.0
Al Mizhar Second,al-mizhar-second,https://datadubai.ae/areas/al-mizhar-second/,20,ok,6000000.0,,,66.7,0.0
