community,community_slug,code,label,slug,n,quality,price_median,psf_median,sqft_median,rent_median,n_rents,yield_pct,url
Jumeirah Village Circle,jumeirah-village-circle,Studio,Studios,studio,4193,ok,715258.0,1753.06,407.09,48000.0,7498,7.87,https://datadubai.ae/communities/jumeirah-village-circle/studio/
Jumeirah Village Circle,jumeirah-village-circle,1 B/R,1-bedroom apartments,1-bedroom,6981,ok,1124681.0,1453.52,775.11,70000.0,15358,7.0,https://datadubai.ae/communities/jumeirah-village-circle/1-bedroom/
Jumeirah Village Circle,jumeirah-village-circle,2 B/R,2-bedroom apartments,2-bedroom,1621,ok,1650677.5,1315.61,1234.19,95000.0,4673,6.33,https://datadubai.ae/communities/jumeirah-village-circle/2-bedroom/
Jumeirah Village Circle,jumeirah-village-circle,3 B/R,3-bedroom apartments,3-bedroom,293,ok,2453040.0,1574.73,1566.47,150000.0,883,5.68,https://datadubai.ae/communities/jumeirah-village-circle/3-bedroom/
Jumeirah Village Circle,jumeirah-village-circle,4 B/R,4-bedroom apartments,4-bedroom,108,ok,3575000.0,1617.06,2034.54,200000.0,387,5.71,https://datadubai.ae/communities/jumeirah-village-circle/4-bedroom/
Jumeirah Village Circle,jumeirah-village-circle,5 B/R,5-bedroom apartments,5-bedroom,2,insufficient,,,,205000.0,34,,
Dubai World Central,dubai-world-central,Studio,Studios,studio,5880,ok,650000.0,1762.84,365.43,54000.0,97,,https://datadubai.ae/communities/dubai-world-central/studio/
Dubai World Central,dubai-world-central,1 B/R,1-bedroom apartments,1-bedroom,3328,ok,1180000.0,1601.85,740.23,67750.0,280,,https://datadubai.ae/communities/dubai-world-central/1-bedroom/
Dubai World Central,dubai-world-central,2 B/R,2-bedroom apartments,2-bedroom,1495,ok,2010888.0,1706.1,1153.68,86000.0,847,5.46,https://datadubai.ae/communities/dubai-world-central/2-bedroom/
Dubai World Central,dubai-world-central,3 B/R,3-bedroom apartments,3-bedroom,589,ok,2910888.0,1596.98,1856.56,110000.0,1200,4.83,https://datadubai.ae/communities/dubai-world-central/3-bedroom/
Dubai World Central,dubai-world-central,4 B/R,4-bedroom apartments,4-bedroom,434,ok,4390000.0,1256.69,3422.17,145000.0,453,4.5,https://datadubai.ae/communities/dubai-world-central/4-bedroom/
Dubai World Central,dubai-world-central,5 B/R,5-bedroom apartments,5-bedroom,329,ok,5725000.0,1373.27,3918.06,240000.0,13,,https://datadubai.ae/communities/dubai-world-central/5-bedroom/
Business Bay,business-bay,Studio,Studios,studio,2037,ok,1175000.0,2619.22,457.9,67000.0,3924,6.66,https://datadubai.ae/communities/business-bay/studio/
Business Bay,business-bay,1 B/R,1-bedroom apartments,1-bedroom,2533,ok,1948240.0,2372.18,829.14,87000.0,6635,6.0,https://datadubai.ae/communities/business-bay/1-bedroom/
Business Bay,business-bay,2 B/R,2-bedroom apartments,2-bedroom,1258,ok,2735000.0,2202.9,1377.89,130000.0,3083,5.73,https://datadubai.ae/communities/business-bay/2-bedroom/
Business Bay,business-bay,3 B/R,3-bedroom apartments,3-bedroom,307,ok,4200000.0,2273.53,2014.04,186000.0,737,5.31,https://datadubai.ae/communities/business-bay/3-bedroom/
Business Bay,business-bay,4 B/R,4-bedroom apartments,4-bedroom,66,ok,6700000.0,2536.0,4435.27,300000.0,80,5.5,https://datadubai.ae/communities/business-bay/4-bedroom/
Business Bay,business-bay,5 B/R,5-bedroom apartments,5-bedroom,8,low,,,12843.93,,2,,
Dubai Land Residence Complex,dubai-land-residence-complex,Studio,Studios,studio,3523,ok,697003.0,1618.63,425.28,38000.0,1865,8.94,https://datadubai.ae/communities/dubai-land-residence-complex/studio/
Dubai Land Residence Complex,dubai-land-residence-complex,1 B/R,1-bedroom apartments,1-bedroom,2684,ok,1046400.0,1308.45,799.87,51000.0,3497,7.61,https://datadubai.ae/communities/dubai-land-residence-complex/1-bedroom/
Dubai Land Residence Complex,dubai-land-residence-complex,2 B/R,2-bedroom apartments,2-bedroom,1033,ok,1445135.5,1170.68,1244.85,65000.0,1897,7.14,https://datadubai.ae/communities/dubai-land-residence-complex/2-bedroom/
Dubai Land Residence Complex,dubai-land-residence-complex,3 B/R,3-bedroom apartments,3-bedroom,166,ok,1792312.0,1160.2,1477.45,89532.0,141,,https://datadubai.ae/communities/dubai-land-residence-complex/3-bedroom/
Dubai Land Residence Complex,dubai-land-residence-complex,4 B/R,4-bedroom apartments,4-bedroom,3,insufficient,,,,,1,,
Majan,majan,Studio,Studios,studio,3370,ok,694999.0,1830.27,385.89,39000.0,591,7.61,https://datadubai.ae/communities/majan/studio/
Majan,majan,1 B/R,1-bedroom apartments,1-bedroom,1735,ok,1100000.0,1357.78,795.13,57750.0,1431,7.22,https://datadubai.ae/communities/majan/1-bedroom/
Majan,majan,2 B/R,2-bedroom apartments,2-bedroom,727,ok,1475000.0,1211.55,1248.94,80000.0,783,7.19,https://datadubai.ae/communities/majan/2-bedroom/
Majan,majan,3 B/R,3-bedroom apartments,3-bedroom,82,ok,2130726.0,1140.99,1874.21,115500.0,34,6.98,https://datadubai.ae/communities/majan/3-bedroom/
Majan,majan,4 B/R,4-bedroom apartments,4-bedroom,17,low,2673916.0,1243.78,2232.97,,0,,
Majan,majan,5 B/R,5-bedroom apartments,5-bedroom,2,insufficient,,,,,1,,
Palm Deira,palm-deira,Studio,Studios,studio,42,ok,1168000.0,3222.56,342.4,,0,,https://datadubai.ae/communities/palm-deira/studio/
Palm Deira,palm-deira,1 B/R,1-bedroom apartments,1-bedroom,2367,ok,2300000.0,2721.33,836.57,,2,,https://datadubai.ae/communities/palm-deira/1-bedroom/
Palm Deira,palm-deira,2 B/R,2-bedroom apartments,2-bedroom,2106,ok,3467828.0,2679.1,1302.43,,1,,https://datadubai.ae/communities/palm-deira/2-bedroom/
Palm Deira,palm-deira,3 B/R,3-bedroom apartments,3-bedroom,597,ok,5524414.0,2795.88,1844.72,,0,,https://datadubai.ae/communities/palm-deira/3-bedroom/
Palm Deira,palm-deira,4 B/R,4-bedroom apartments,4-bedroom,76,ok,7600000.0,2584.49,3161.84,,0,,https://datadubai.ae/communities/palm-deira/4-bedroom/
Palm Deira,palm-deira,5 B/R,5-bedroom apartments,5-bedroom,4,insufficient,,,,,0,,
Jumeirah Village Triangle,jumeirah-village-triangle,Studio,Studios,studio,1568,ok,781999.0,1931.06,389.12,48000.0,842,8.24,https://datadubai.ae/communities/jumeirah-village-triangle/studio/
Jumeirah Village Triangle,jumeirah-village-triangle,1 B/R,1-bedroom apartments,1-bedroom,2288,ok,1246333.0,1614.54,760.47,70000.0,1217,7.22,https://datadubai.ae/communities/jumeirah-village-triangle/1-bedroom/
Jumeirah Village Triangle,jumeirah-village-triangle,2 B/R,2-bedroom apartments,2-bedroom,668,ok,1757792.0,1390.76,1215.03,84000.0,430,5.09,https://datadubai.ae/communities/jumeirah-village-triangle/2-bedroom/
Jumeirah Village Triangle,jumeirah-village-triangle,3 B/R,3-bedroom apartments,3-bedroom,68,ok,2801499.5,1558.04,1780.67,180000.0,76,6.92,https://datadubai.ae/communities/jumeirah-village-triangle/3-bedroom/
Jumeirah Village Triangle,jumeirah-village-triangle,4 B/R,4-bedroom apartments,4-bedroom,14,low,3925000.0,1628.36,2262.9,220000.0,27,,
Motor City,motor-city,Studio,Studios,studio,1023,ok,807715.0,1940.0,416.35,52386.0,170,8.73,https://datadubai.ae/communities/motor-city/studio/
Motor City,motor-city,1 B/R,1-bedroom apartments,1-bedroom,2132,ok,1161960.0,1856.4,746.8,72000.0,938,7.77,https://datadubai.ae/communities/motor-city/1-bedroom/
Motor City,motor-city,2 B/R,2-bedroom apartments,2-bedroom,776,ok,1934588.0,1619.9,1187.47,112875.0,580,7.78,https://datadubai.ae/communities/motor-city/2-bedroom/
Motor City,motor-city,3 B/R,3-bedroom apartments,3-bedroom,115,ok,2700000.0,1109.28,2270.0,180000.0,209,7.28,https://datadubai.ae/communities/motor-city/3-bedroom/
Motor City,motor-city,4 B/R,4-bedroom apartments,4-bedroom,63,ok,4603009.0,1099.77,3862.63,275000.0,38,6.11,https://datadubai.ae/communities/motor-city/4-bedroom/
Motor City,motor-city,5 B/R,5-bedroom apartments,5-bedroom,4,insufficient,,,,447500.0,10,,
Dubai Science Park,dubai-science-park,Studio,Studios,studio,2050,ok,865000.0,2016.56,426.36,47000.0,382,7.83,https://datadubai.ae/communities/dubai-science-park/studio/
Dubai Science Park,dubai-science-park,1 B/R,1-bedroom apartments,1-bedroom,1565,ok,1395025.0,1562.41,904.06,70000.0,557,7.11,https://datadubai.ae/communities/dubai-science-park/1-bedroom/
Dubai Science Park,dubai-science-park,2 B/R,2-bedroom apartments,2-bedroom,393,ok,2300000.0,1455.48,1560.23,110000.0,289,6.38,https://datadubai.ae/communities/dubai-science-park/2-bedroom/
Dubai Science Park,dubai-science-park,3 B/R,3-bedroom apartments,3-bedroom,41,ok,3518136.0,1368.57,2556.75,102612.5,24,,https://datadubai.ae/communities/dubai-science-park/3-bedroom/
Dubai Science Park,dubai-science-park,4 B/R,4-bedroom apartments,4-bedroom,8,low,8613000.0,1946.75,4309.76,,0,,
Arjan,arjan,Studio,Studios,studio,1759,ok,715000.0,1699.79,429.16,47000.0,3986,7.97,https://datadubai.ae/communities/arjan/studio/
Arjan,arjan,1 B/R,1-bedroom apartments,1-bedroom,1483,ok,1175000.0,1521.68,774.03,68000.0,4593,7.08,https://datadubai.ae/communities/arjan/1-bedroom/
Arjan,arjan,2 B/R,2-bedroom apartments,2-bedroom,521,ok,1681500.0,1367.6,1224.99,93500.0,2326,6.45,https://datadubai.ae/communities/arjan/2-bedroom/
Arjan,arjan,3 B/R,3-bedroom apartments,3-bedroom,72,ok,2287500.0,1240.93,1819.32,150000.0,171,7.14,https://datadubai.ae/communities/arjan/3-bedroom/
Dubai Creek Harbour,dubai-creek-harbour,1 B/R,1-bedroom apartments,1-bedroom,1709,ok,1948888.0,2612.22,754.87,100000.0,2391,5.77,https://datadubai.ae/communities/dubai-creek-harbour/1-bedroom/
Dubai Creek Harbour,dubai-creek-harbour,2 B/R,2-bedroom apartments,2-bedroom,1701,ok,3112388.0,2496.23,1205.34,150000.0,2467,5.66,https://datadubai.ae/communities/dubai-creek-harbour/2-bedroom/
Dubai Creek Harbour,dubai-creek-harbour,3 B/R,3-bedroom apartments,3-bedroom,606,ok,4270000.0,2340.23,1834.82,215000.0,913,5.38,https://datadubai.ae/communities/dubai-creek-harbour/3-bedroom/
Dubai Creek Harbour,dubai-creek-harbour,4 B/R,4-bedroom apartments,4-bedroom,18,low,7004944.0,2583.64,3077.29,442500.0,36,,
Dubai Creek Harbour,dubai-creek-harbour,5 B/R,5-bedroom apartments,5-bedroom,1,insufficient,,,,,0,,
International Media Production Zone,international-media-production-zone,Studio,Studios,studio,1387,ok,683433.0,1573.71,420.12,37846.15,2639,9.12,https://datadubai.ae/communities/international-media-production-zone/studio/
International Media Production Zone,international-media-production-zone,1 B/R,1-bedroom apartments,1-bedroom,1493,ok,1069300.0,1314.11,797.82,56000.0,2537,8.62,https://datadubai.ae/communities/international-media-production-zone/1-bedroom/
International Media Production Zone,international-media-production-zone,2 B/R,2-bedroom apartments,2-bedroom,569,ok,1512405.0,1225.55,1214.49,77000.0,921,7.5,https://datadubai.ae/communities/international-media-production-zone/2-bedroom/
International Media Production Zone,international-media-production-zone,3 B/R,3-bedroom apartments,3-bedroom,81,ok,2000000.0,1139.07,1735.79,90000.0,95,,https://datadubai.ae/communities/international-media-production-zone/3-bedroom/
Dubai Sports City,dubai-sports-city,Studio,Studios,studio,1052,ok,620000.0,1400.73,430.02,40000.0,3422,8.51,https://datadubai.ae/communities/dubai-sports-city/studio/
Dubai Sports City,dubai-sports-city,1 B/R,1-bedroom apartments,1-bedroom,1068,ok,1008864.0,1253.13,782.21,56000.0,3313,8.0,https://datadubai.ae/communities/dubai-sports-city/1-bedroom/
Dubai Sports City,dubai-sports-city,2 B/R,2-bedroom apartments,2-bedroom,818,ok,1593841.0,1291.45,1209.43,80000.0,1399,7.55,https://datadubai.ae/communities/dubai-sports-city/2-bedroom/
Dubai Sports City,dubai-sports-city,3 B/R,3-bedroom apartments,3-bedroom,81,ok,2255250.0,1315.84,1612.22,105000.0,95,5.53,https://datadubai.ae/communities/dubai-sports-city/3-bedroom/
Dubai Sports City,dubai-sports-city,4 B/R,4-bedroom apartments,4-bedroom,5,low,4150000.0,2303.38,1694.56,262500.0,136,,
Dubai Maritime City,dubai-maritime-city,Studio,Studios,studio,787,ok,1377000.0,3387.17,409.78,64826.0,13,,https://datadubai.ae/communities/dubai-maritime-city/studio/
Dubai Maritime City,dubai-maritime-city,1 B/R,1-bedroom apartments,1-bedroom,1736,ok,2463000.0,3126.89,776.29,96250.0,42,5.38,https://datadubai.ae/communities/dubai-maritime-city/1-bedroom/
Dubai Maritime City,dubai-maritime-city,2 B/R,2-bedroom apartments,2-bedroom,691,ok,4127665.0,2931.98,1424.6,135000.0,40,,https://datadubai.ae/communities/dubai-maritime-city/2-bedroom/
Dubai Maritime City,dubai-maritime-city,3 B/R,3-bedroom apartments,3-bedroom,138,ok,5882585.0,3057.14,1997.78,235000.0,10,,https://datadubai.ae/communities/dubai-maritime-city/3-bedroom/
Dubai Maritime City,dubai-maritime-city,4 B/R,4-bedroom apartments,4-bedroom,15,low,,4240.35,3059.53,,0,,
Dubai South Residential District,dubai-south-residential-district,Studio,Studios,studio,483,ok,540000.0,1292.58,406.88,40000.0,1211,8.33,https://datadubai.ae/communities/dubai-south-residential-district/studio/
Dubai South Residential District,dubai-south-residential-district,1 B/R,1-bedroom apartments,1-bedroom,1244,ok,1020000.0,1387.77,779.85,52500.0,1702,7.19,https://datadubai.ae/communities/dubai-south-residential-district/1-bedroom/
Dubai South Residential District,dubai-south-residential-district,2 B/R,2-bedroom apartments,2-bedroom,1152,ok,1472677.0,1327.05,1134.73,80000.0,990,7.14,https://datadubai.ae/communities/dubai-south-residential-district/2-bedroom/
Dubai South Residential District,dubai-south-residential-district,3 B/R,3-bedroom apartments,3-bedroom,204,ok,2263104.0,1402.04,1580.46,145000.0,263,4.74,https://datadubai.ae/communities/dubai-south-residential-district/3-bedroom/
Dubai South Residential District,dubai-south-residential-district,4 B/R,4-bedroom apartments,4-bedroom,141,ok,4180000.0,1196.48,3483.2,190000.0,249,4.52,https://datadubai.ae/communities/dubai-south-residential-district/4-bedroom/
Dubai South Residential District,dubai-south-residential-district,5 B/R,5-bedroom apartments,5-bedroom,67,ok,5175000.0,1214.61,4219.45,250000.0,39,4.59,https://datadubai.ae/communities/dubai-south-residential-district/5-bedroom/
DownTown Dubai,downtown-dubai,Studio,Studios,studio,505,ok,1782499.0,3838.79,461.77,75000.0,572,6.19,https://datadubai.ae/communities/downtown-dubai/studio/
DownTown Dubai,downtown-dubai,1 B/R,1-bedroom apartments,1-bedroom,970,ok,2375000.0,2737.21,879.95,115000.0,4104,5.26,https://datadubai.ae/communities/downtown-dubai/1-bedroom/
DownTown Dubai,downtown-dubai,2 B/R,2-bedroom apartments,2-bedroom,1027,ok,3950000.0,2802.15,1347.96,180000.0,3374,4.86,https://datadubai.ae/communities/downtown-dubai/2-bedroom/
DownTown Dubai,downtown-dubai,3 B/R,3-bedroom apartments,3-bedroom,353,ok,6000000.0,3190.77,2019.74,300000.0,974,5.22,https://datadubai.ae/communities/downtown-dubai/3-bedroom/
DownTown Dubai,downtown-dubai,4 B/R,4-bedroom apartments,4-bedroom,75,ok,10600404.0,3910.17,5130.19,1375000.0,64,11.46,https://datadubai.ae/communities/downtown-dubai/4-bedroom/
DownTown Dubai,downtown-dubai,5 B/R,5-bedroom apartments,5-bedroom,13,low,,2915.2,7058.97,1932319.0,8,,
Al Furjan,al-furjan,Studio,Studios,studio,664,ok,552000.0,1531.15,372.0,47000.0,1463,8.79,https://datadubai.ae/communities/al-furjan/studio/
Al Furjan,al-furjan,1 B/R,1-bedroom apartments,1-bedroom,648,ok,1105000.0,1387.05,807.51,68970.0,2007,6.9,https://datadubai.ae/communities/al-furjan/1-bedroom/
Al Furjan,al-furjan,2 B/R,2-bedroom apartments,2-bedroom,743,ok,1723470.0,1326.18,1286.29,100000.0,1370,6.34,https://datadubai.ae/communities/al-furjan/2-bedroom/
Al Furjan,al-furjan,3 B/R,3-bedroom apartments,3-bedroom,287,ok,2351910.0,1355.06,1803.28,170700.0,900,7.0,https://datadubai.ae/communities/al-furjan/3-bedroom/
Al Furjan,al-furjan,4 B/R,4-bedroom apartments,4-bedroom,72,ok,4050000.0,1826.11,2403.64,260000.0,656,6.5,https://datadubai.ae/communities/al-furjan/4-bedroom/
Al Furjan,al-furjan,5 B/R,5-bedroom apartments,5-bedroom,1,insufficient,,,,380000.0,137,,
Down Town Jabal Ali,down-town-jabal-ali,Studio,Studios,studio,1494,ok,601000.0,1733.69,352.25,45000.0,437,8.41,https://datadubai.ae/communities/down-town-jabal-ali/studio/
Down Town Jabal Ali,down-town-jabal-ali,1 B/R,1-bedroom apartments,1-bedroom,704,ok,1003325.0,1466.73,679.85,58000.0,370,8.92,https://datadubai.ae/communities/down-town-jabal-ali/1-bedroom/
Down Town Jabal Ali,down-town-jabal-ali,2 B/R,2-bedroom apartments,2-bedroom,207,ok,1594671.0,1399.88,1122.46,78000.0,95,,https://datadubai.ae/communities/down-town-jabal-ali/2-bedroom/
Down Town Jabal Ali,down-town-jabal-ali,3 B/R,3-bedroom apartments,3-bedroom,52,ok,2165243.0,1339.51,1633.1,90000.0,30,,https://datadubai.ae/communities/down-town-jabal-ali/3-bedroom/
Down Town Jabal Ali,down-town-jabal-ali,4 B/R,4-bedroom apartments,4-bedroom,1,insufficient,,,,,1,,
Silicon Oasis,silicon-oasis,Studio,Studios,studio,582,ok,660520.0,1537.29,426.9,40425.0,3426,8.75,https://datadubai.ae/communities/silicon-oasis/studio/
Silicon Oasis,silicon-oasis,1 B/R,1-bedroom apartments,1-bedroom,1128,ok,881870.0,1019.48,784.1,54000.0,8319,7.52,https://datadubai.ae/communities/silicon-oasis/1-bedroom/
Silicon Oasis,silicon-oasis,2 B/R,2-bedroom apartments,2-bedroom,582,ok,1550000.0,1302.03,1211.37,75000.0,3071,5.87,https://datadubai.ae/communities/silicon-oasis/2-bedroom/
Silicon Oasis,silicon-oasis,3 B/R,3-bedroom apartments,3-bedroom,121,ok,2039000.0,1102.15,1643.11,110000.0,560,7.27,https://datadubai.ae/communities/silicon-oasis/3-bedroom/
Silicon Oasis,silicon-oasis,4 B/R,4-bedroom apartments,4-bedroom,5,low,3148800.0,1282.81,2650.07,125000.0,23,,
City Of Arabia,city-of-arabia,Studio,Studios,studio,1787,ok,591000.0,1722.28,340.35,,1,,https://datadubai.ae/communities/city-of-arabia/studio/
City Of Arabia,city-of-arabia,1 B/R,1-bedroom apartments,1-bedroom,634,ok,1036000.0,1529.79,715.37,50500.0,14,,https://datadubai.ae/communities/city-of-arabia/1-bedroom/
City Of Arabia,city-of-arabia,2 B/R,2-bedroom apartments,2-bedroom,125,ok,2123000.0,1555.04,1275.85,,3,,https://datadubai.ae/communities/city-of-arabia/2-bedroom/
City Of Arabia,city-of-arabia,3 B/R,3-bedroom apartments,3-bedroom,13,low,2236410.0,1440.27,1756.78,,0,,
Dubai Hills Estate,dubai-hills-estate,Studio,Studios,studio,47,ok,940000.0,2071.83,424.31,73000.0,111,7.77,https://datadubai.ae/communities/dubai-hills-estate/studio/
Dubai Hills Estate,dubai-hills-estate,1 B/R,1-bedroom apartments,1-bedroom,1198,ok,1716130.0,2332.21,734.96,90000.0,2183,5.96,https://datadubai.ae/communities/dubai-hills-estate/1-bedroom/
Dubai Hills Estate,dubai-hills-estate,2 B/R,2-bedroom apartments,2-bedroom,941,ok,2703888.0,2391.42,1119.45,140612.5,1822,5.74,https://datadubai.ae/communities/dubai-hills-estate/2-bedroom/
Dubai Hills Estate,dubai-hills-estate,3 B/R,3-bedroom apartments,3-bedroom,325,ok,4400000.0,2543.78,1743.86,247500.0,411,6.27,https://datadubai.ae/communities/dubai-hills-estate/3-bedroom/
Dubai Hills Estate,dubai-hills-estate,4 B/R,4-bedroom apartments,4-bedroom,5,low,,2576.26,3722.38,,3,,
Dubai Marina,dubai-marina,Studio,Studios,studio,204,ok,1245000.0,2624.31,445.95,63000.0,1052,5.94,https://datadubai.ae/communities/dubai-marina/studio/
Dubai Marina,dubai-marina,1 B/R,1-bedroom apartments,1-bedroom,965,ok,1650000.0,2035.39,826.78,90000.0,6307,5.71,https://datadubai.ae/communities/dubai-marina/1-bedroom/
Dubai Marina,dubai-marina,2 B/R,2-bedroom apartments,2-bedroom,690,ok,2600000.0,1913.26,1330.53,140000.0,4709,5.49,https://datadubai.ae/communities/dubai-marina/2-bedroom/
Dubai Marina,dubai-marina,3 B/R,3-bedroom apartments,3-bedroom,279,ok,4250000.0,1854.75,2018.66,215000.0,1363,5.38,https://datadubai.ae/communities/dubai-marina/3-bedroom/
Dubai Marina,dubai-marina,4 B/R,4-bedroom apartments,4-bedroom,77,ok,4242500.0,1689.31,3179.23,290000.0,192,7.73,https://datadubai.ae/communities/dubai-marina/4-bedroom/
Dubai Marina,dubai-marina,5 B/R,5-bedroom apartments,5-bedroom,6,low,,1759.73,4610.99,350000.0,25,,
TOWN SQUARE,town-square,Studio,Studios,studio,76,ok,560000.0,1608.45,346.38,42000.0,324,7.6,https://datadubai.ae/communities/town-square/studio/
TOWN SQUARE,town-square,1 B/R,1-bedroom apartments,1-bedroom,727,ok,1040888.0,1627.57,633.67,60000.0,1716,7.22,https://datadubai.ae/communities/town-square/1-bedroom/
TOWN SQUARE,town-square,2 B/R,2-bedroom apartments,2-bedroom,1006,ok,1515888.0,1501.8,969.51,85000.0,1712,6.47,https://datadubai.ae/communities/town-square/2-bedroom/
TOWN SQUARE,town-square,3 B/R,3-bedroom apartments,3-bedroom,371,ok,2750000.0,1408.97,1882.72,144000.0,1984,5.18,https://datadubai.ae/communities/town-square/3-bedroom/
TOWN SQUARE,town-square,4 B/R,4-bedroom apartments,4-bedroom,86,ok,3500000.0,1204.21,2880.85,175000.0,448,5.0,https://datadubai.ae/communities/town-square/4-bedroom/
DAMAC Lagoons,damac-lagoons,Studio,Studios,studio,805,ok,734000.0,1911.56,384.06,,0,,https://datadubai.ae/communities/damac-lagoons/studio/
DAMAC Lagoons,damac-lagoons,1 B/R,1-bedroom apartments,1-bedroom,517,ok,1256000.0,1665.63,758.43,,0,,https://datadubai.ae/communities/damac-lagoons/1-bedroom/
DAMAC Lagoons,damac-lagoons,2 B/R,2-bedroom apartments,2-bedroom,156,ok,1834000.0,1571.13,1164.66,,0,,https://datadubai.ae/communities/damac-lagoons/2-bedroom/
Wasl Gate,wasl-gate,Studio,Studios,studio,372,ok,667029.0,1600.0,417.05,50000.0,13,,https://datadubai.ae/communities/wasl-gate/studio/
Wasl Gate,wasl-gate,1 B/R,1-bedroom apartments,1-bedroom,740,ok,1108679.0,1521.6,787.06,61500.0,106,,https://datadubai.ae/communities/wasl-gate/1-bedroom/
Wasl Gate,wasl-gate,2 B/R,2-bedroom apartments,2-bedroom,756,ok,1741500.0,1432.89,1233.76,77107.0,227,7.18,https://datadubai.ae/communities/wasl-gate/2-bedroom/
Wasl Gate,wasl-gate,3 B/R,3-bedroom apartments,3-bedroom,115,ok,2800000.0,1549.87,1792.73,100000.0,45,,https://datadubai.ae/communities/wasl-gate/3-bedroom/
Wasl Gate,wasl-gate,4 B/R,4-bedroom apartments,4-bedroom,4,insufficient,,,,,0,,
Meydan Racecourse Community,meydan-racecourse-community,Studio,Studios,studio,1048,ok,1374000.0,3579.07,386.85,55500.0,8,,https://datadubai.ae/communities/meydan-racecourse-community/studio/
Meydan Racecourse Community,meydan-racecourse-community,1 B/R,1-bedroom apartments,1-bedroom,533,ok,2323000.0,2610.0,645.73,80000.0,965,6.73,https://datadubai.ae/communities/meydan-racecourse-community/1-bedroom/
Meydan Racecourse Community,meydan-racecourse-community,2 B/R,2-bedroom apartments,2-bedroom,287,ok,3242000.0,2545.9,1127.2,120875.0,706,4.79,https://datadubai.ae/communities/meydan-racecourse-community/2-bedroom/
Meydan Racecourse Community,meydan-racecourse-community,3 B/R,3-bedroom apartments,3-bedroom,62,ok,4971000.0,2500.0,1809.68,150000.0,94,,https://datadubai.ae/communities/meydan-racecourse-community/3-bedroom/
Meydan Racecourse Community,meydan-racecourse-community,4 B/R,4-bedroom apartments,4-bedroom,2,insufficient,,,,,3,,
DAMAC HILLS,damac-hills,Studio,Studios,studio,290,ok,600000.0,1404.45,425.55,45000.0,1330,7.76,https://datadubai.ae/communities/damac-hills/studio/
DAMAC HILLS,damac-hills,1 B/R,1-bedroom apartments,1-bedroom,850,ok,1230000.0,1752.2,691.15,70000.0,1300,7.0,https://datadubai.ae/communities/damac-hills/1-bedroom/
DAMAC HILLS,damac-hills,2 B/R,2-bedroom apartments,2-bedroom,316,ok,2023200.0,1614.74,1259.16,120000.0,330,6.67,https://datadubai.ae/communities/damac-hills/2-bedroom/
DAMAC HILLS,damac-hills,3 B/R,3-bedroom apartments,3-bedroom,24,ok,3025000.0,1236.3,2723.81,170000.0,79,5.71,https://datadubai.ae/communities/damac-hills/3-bedroom/
DMCC-EZ2,dmcc-ez2,1 B/R,1-bedroom apartments,1-bedroom,1130,ok,1964640.0,2970.0,631.63,,0,,https://datadubai.ae/communities/dmcc-ez2/1-bedroom/
DMCC-EZ2,dmcc-ez2,2 B/R,2-bedroom apartments,2-bedroom,733,ok,2644971.0,2975.0,872.2,,0,,https://datadubai.ae/communities/dmcc-ez2/2-bedroom/
DMCC-EZ2,dmcc-ez2,3 B/R,3-bedroom apartments,3-bedroom,19,low,5770991.0,3099.99,1861.62,,0,,
International City Phase 1,international-city-phase-1,Studio,Studios,studio,629,ok,341700.0,709.82,473.61,30000.0,9357,8.96,https://datadubai.ae/communities/international-city-phase-1/studio/
International City Phase 1,international-city-phase-1,1 B/R,1-bedroom apartments,1-bedroom,746,ok,460000.0,619.35,739.7,40000.0,9702,8.89,https://datadubai.ae/communities/international-city-phase-1/1-bedroom/
International City Phase 1,international-city-phase-1,2 B/R,2-bedroom apartments,2-bedroom,122,ok,800000.0,730.32,1105.94,54600.0,2485,7.53,https://datadubai.ae/communities/international-city-phase-1/2-bedroom/
International City Phase 1,international-city-phase-1,3 B/R,3-bedroom apartments,3-bedroom,55,ok,1550000.0,650.17,2383.99,103500.0,248,6.68,https://datadubai.ae/communities/international-city-phase-1/3-bedroom/
Dubai Investment Park First,dubai-investment-park-first,Studio,Studios,studio,276,ok,530000.0,1056.61,381.15,37500.0,697,,https://datadubai.ae/communities/dubai-investment-park-first/studio/
Dubai Investment Park First,dubai-investment-park-first,1 B/R,1-bedroom apartments,1-bedroom,413,ok,828518.0,1205.77,698.15,60000.0,1315,5.66,https://datadubai.ae/communities/dubai-investment-park-first/1-bedroom/
Dubai Investment Park First,dubai-investment-park-first,2 B/R,2-bedroom apartments,2-bedroom,470,ok,1216000.0,1237.62,1084.68,75036.65,1175,3.26,https://datadubai.ae/communities/dubai-investment-park-first/2-bedroom/
Dubai Investment Park First,dubai-investment-park-first,3 B/R,3-bedroom apartments,3-bedroom,152,ok,1860400.0,1121.38,1693.27,160325.0,194,3.21,https://datadubai.ae/communities/dubai-investment-park-first/3-bedroom/
Dubai Investment Park First,dubai-investment-park-first,4 B/R,4-bedroom apartments,4-bedroom,340,ok,1415025.0,1281.56,1090.87,330000.0,87,4.34,https://datadubai.ae/communities/dubai-investment-park-first/4-bedroom/
Dubai Investment Park First,dubai-investment-park-first,5 B/R,5-bedroom apartments,5-bedroom,11,low,2200000.0,723.99,13181.38,365000.0,12,,
Dubai Studio City,dubai-studio-city,Studio,Studios,studio,844,ok,559000.0,1516.61,355.53,47000.0,784,9.27,https://datadubai.ae/communities/dubai-studio-city/studio/
Dubai Studio City,dubai-studio-city,1 B/R,1-bedroom apartments,1-bedroom,611,ok,1034550.0,1438.58,690.34,66000.0,779,7.76,https://datadubai.ae/communities/dubai-studio-city/1-bedroom/
Dubai Studio City,dubai-studio-city,2 B/R,2-bedroom apartments,2-bedroom,102,ok,1404125.0,1262.07,1112.77,90000.0,264,8.01,https://datadubai.ae/communities/dubai-studio-city/2-bedroom/
Dubai Studio City,dubai-studio-city,3 B/R,3-bedroom apartments,3-bedroom,9,low,1500000.0,1033.73,1354.32,110000.0,35,,
Jumeirah Garden City,jumeirah-garden-city,Studio,Studios,studio,652,ok,1026851.5,2419.72,415.49,60000.0,247,,https://datadubai.ae/communities/jumeirah-garden-city/studio/
Jumeirah Garden City,jumeirah-garden-city,1 B/R,1-bedroom apartments,1-bedroom,724,ok,1607244.0,2162.25,744.43,73658.64,1719,5.49,https://datadubai.ae/communities/jumeirah-garden-city/1-bedroom/
Jumeirah Garden City,jumeirah-garden-city,2 B/R,2-bedroom apartments,2-bedroom,197,ok,2320288.0,2049.6,1109.76,95000.0,1389,4.23,https://datadubai.ae/communities/jumeirah-garden-city/2-bedroom/
Jumeirah Garden City,jumeirah-garden-city,3 B/R,3-bedroom apartments,3-bedroom,6,low,3751650.0,2072.84,1909.14,150000.0,32,,
International City Phase 3,international-city-phase-3,Studio,Studios,studio,559,ok,525000.0,1196.43,406.98,38000.0,2671,8.09,https://datadubai.ae/communities/international-city-phase-3/studio/
International City Phase 3,international-city-phase-3,1 B/R,1-bedroom apartments,1-bedroom,763,ok,846000.0,1091.95,751.11,48350.0,5370,7.47,https://datadubai.ae/communities/international-city-phase-3/1-bedroom/
International City Phase 3,international-city-phase-3,2 B/R,2-bedroom apartments,2-bedroom,185,ok,1239141.0,1078.55,1154.43,61000.0,1051,6.89,https://datadubai.ae/communities/international-city-phase-3/2-bedroom/
International City Phase 3,international-city-phase-3,3 B/R,3-bedroom apartments,3-bedroom,27,ok,1300000.0,1073.23,1182.52,85500.0,60,,https://datadubai.ae/communities/international-city-phase-3/3-bedroom/
DAMAC HILLS 2,damac-hills-2,Studio,Studios,studio,65,ok,450000.0,1074.44,421.41,37791.43,208,8.4,https://datadubai.ae/communities/damac-hills-2/studio/
DAMAC HILLS 2,damac-hills-2,1 B/R,1-bedroom apartments,1-bedroom,76,ok,660000.0,1182.34,548.42,48000.0,215,7.56,https://datadubai.ae/communities/damac-hills-2/1-bedroom/
DAMAC HILLS 2,damac-hills-2,2 B/R,2-bedroom apartments,2-bedroom,51,ok,1210000.0,1273.19,990.93,68100.0,42,,https://datadubai.ae/communities/damac-hills-2/2-bedroom/
Palm Jumeirah,palm-jumeirah,Studio,Studios,studio,106,ok,1500000.0,2765.09,523.88,95000.0,249,6.33,https://datadubai.ae/communities/palm-jumeirah/studio/
Palm Jumeirah,palm-jumeirah,1 B/R,1-bedroom apartments,1-bedroom,290,ok,3649400.0,2708.29,1057.72,150000.0,1075,5.45,https://datadubai.ae/communities/palm-jumeirah/1-bedroom/
Palm Jumeirah,palm-jumeirah,2 B/R,2-bedroom apartments,2-bedroom,475,ok,5475000.0,2478.28,1745.69,210000.0,1593,4.86,https://datadubai.ae/communities/palm-jumeirah/2-bedroom/
Palm Jumeirah,palm-jumeirah,3 B/R,3-bedroom apartments,3-bedroom,265,ok,6000000.0,2660.27,2366.77,290000.0,727,5.23,https://datadubai.ae/communities/palm-jumeirah/3-bedroom/
Palm Jumeirah,palm-jumeirah,4 B/R,4-bedroom apartments,4-bedroom,72,ok,,2756.35,5810.52,800000.0,211,,https://datadubai.ae/communities/palm-jumeirah/4-bedroom/
Palm Jumeirah,palm-jumeirah,5 B/R,5-bedroom apartments,5-bedroom,17,low,,2026.09,10179.0,950000.0,109,,
Jumeirah Islands,jumeirah-islands,Studio,Studios,studio,120,ok,1214162.0,2127.5,538.2,55000.0,42,,https://datadubai.ae/communities/jumeirah-islands/studio/
Jumeirah Islands,jumeirah-islands,1 B/R,1-bedroom apartments,1-bedroom,666,ok,2063828.0,2482.71,821.72,84000.0,97,7.64,https://datadubai.ae/communities/jumeirah-islands/1-bedroom/
Jumeirah Islands,jumeirah-islands,2 B/R,2-bedroom apartments,2-bedroom,369,ok,3288828.0,2510.48,1284.46,170000.0,25,,https://datadubai.ae/communities/jumeirah-islands/2-bedroom/
Jumeirah Islands,jumeirah-islands,3 B/R,3-bedroom apartments,3-bedroom,106,ok,4069828.0,2417.07,1671.96,223500.0,42,,https://datadubai.ae/communities/jumeirah-islands/3-bedroom/
Jumeirah Islands,jumeirah-islands,4 B/R,4-bedroom apartments,4-bedroom,10,low,7905000.0,2657.93,2849.96,,0,,
Meydan One Community,meydan-one-community,Studio,Studios,studio,787,ok,720000.0,2063.87,360.11,50000.0,3990,7.27,https://datadubai.ae/communities/meydan-one-community/studio/
Meydan One Community,meydan-one-community,1 B/R,1-bedroom apartments,1-bedroom,368,ok,1377587.5,2065.8,671.45,75000.0,1625,6.25,https://datadubai.ae/communities/meydan-one-community/1-bedroom/
Meydan One Community,meydan-one-community,2 B/R,2-bedroom apartments,2-bedroom,127,ok,2237950.0,2109.29,1191.56,100000.0,436,5.26,https://datadubai.ae/communities/meydan-one-community/2-bedroom/
Meydan One Community,meydan-one-community,3 B/R,3-bedroom apartments,3-bedroom,34,ok,3588620.0,2351.89,1646.66,133104.77,128,5.57,https://datadubai.ae/communities/meydan-one-community/3-bedroom/
Dubai Health Care City Phase 2,dubai-health-care-city-phase-2,Studio,Studios,studio,568,ok,930000.0,2118.61,439.17,55000.0,574,6.57,https://datadubai.ae/communities/dubai-health-care-city-phase-2/studio/
Dubai Health Care City Phase 2,dubai-health-care-city-phase-2,1 B/R,1-bedroom apartments,1-bedroom,460,ok,1448374.5,1867.82,739.8,75000.0,1093,5.93,https://datadubai.ae/communities/dubai-health-care-city-phase-2/1-bedroom/
Dubai Health Care City Phase 2,dubai-health-care-city-phase-2,2 B/R,2-bedroom apartments,2-bedroom,264,ok,2243605.0,1932.81,1166.05,116000.01,261,5.8,https://datadubai.ae/communities/dubai-health-care-city-phase-2/2-bedroom/
Dubai Health Care City Phase 2,dubai-health-care-city-phase-2,3 B/R,3-bedroom apartments,3-bedroom,63,ok,3100000.0,1871.91,1715.98,140000.0,90,6.83,https://datadubai.ae/communities/dubai-health-care-city-phase-2/3-bedroom/
Dubai Health Care City Phase 2,dubai-health-care-city-phase-2,4 B/R,4-bedroom apartments,4-bedroom,1,insufficient,,,,,0,,
DMCC Master Community,dmcc-master-community,Studio,Studios,studio,231,ok,885000.0,1976.53,415.38,56226.0,923,7.45,https://datadubai.ae/communities/dmcc-master-community/studio/
DMCC Master Community,dmcc-master-community,1 B/R,1-bedroom apartments,1-bedroom,359,ok,1300000.0,1519.78,827.85,80000.0,2159,7.08,https://datadubai.ae/communities/dmcc-master-community/1-bedroom/
DMCC Master Community,dmcc-master-community,2 B/R,2-bedroom apartments,2-bedroom,240,ok,2460175.5,1668.33,1365.94,120000.0,1269,6.15,https://datadubai.ae/communities/dmcc-master-community/2-bedroom/
DMCC Master Community,dmcc-master-community,3 B/R,3-bedroom apartments,3-bedroom,71,ok,3250000.0,1713.73,1950.96,140000.0,290,5.38,https://datadubai.ae/communities/dmcc-master-community/3-bedroom/
DMCC Master Community,dmcc-master-community,4 B/R,4-bedroom apartments,4-bedroom,4,insufficient,,,,255196.85,16,,
DMCC Master Community,dmcc-master-community,5 B/R,5-bedroom apartments,5-bedroom,2,insufficient,,,,210000.0,9,,
SOBHA HARTLAND,sobha-hartland,Studio,Studios,studio,57,ok,990000.0,1933.73,483.84,67000.0,171,6.77,https://datadubai.ae/communities/sobha-hartland/studio/
SOBHA HARTLAND,sobha-hartland,1 B/R,1-bedroom apartments,1-bedroom,621,ok,1403900.0,2103.4,689.0,86000.0,2516,6.23,https://datadubai.ae/communities/sobha-hartland/1-bedroom/
SOBHA HARTLAND,sobha-hartland,2 B/R,2-bedroom apartments,2-bedroom,403,ok,2441873.0,2011.48,1212.23,140000.0,1304,5.98,https://datadubai.ae/communities/sobha-hartland/2-bedroom/
SOBHA HARTLAND,sobha-hartland,3 B/R,3-bedroom apartments,3-bedroom,115,ok,3320000.0,2028.0,1616.31,190000.0,238,5.72,https://datadubai.ae/communities/sobha-hartland/3-bedroom/
SOBHA HARTLAND,sobha-hartland,4 B/R,4-bedroom apartments,4-bedroom,30,ok,4425000.0,1963.28,2219.63,295000.0,66,6.34,https://datadubai.ae/communities/sobha-hartland/4-bedroom/
Discovery Gardens,discovery-gardens,Studio,Studios,studio,536,ok,529802.5,1085.01,473.61,41439.5,6248,7.97,https://datadubai.ae/communities/discovery-gardens/studio/
Discovery Gardens,discovery-gardens,1 B/R,1-bedroom apartments,1-bedroom,465,ok,792500.0,886.83,920.69,58999.0,5587,7.56,https://datadubai.ae/communities/discovery-gardens/1-bedroom/
Discovery Gardens,discovery-gardens,2 B/R,2-bedroom apartments,2-bedroom,187,ok,1260000.0,902.4,1405.01,75862.5,1550,6.07,https://datadubai.ae/communities/discovery-gardens/2-bedroom/
Discovery Gardens,discovery-gardens,3 B/R,3-bedroom apartments,3-bedroom,1,insufficient,,,,,0,,
Liwan1,liwan1,Studio,Studios,studio,292,ok,709777.0,1691.84,416.24,41819.24,438,7.93,https://datadubai.ae/communities/liwan1/studio/
Liwan1,liwan1,1 B/R,1-bedroom apartments,1-bedroom,553,ok,909850.0,1117.25,796.64,50000.0,1843,8.13,https://datadubai.ae/communities/liwan1/1-bedroom/
Liwan1,liwan1,2 B/R,2-bedroom apartments,2-bedroom,272,ok,1447491.5,1050.0,1328.05,72000.0,853,5.32,https://datadubai.ae/communities/liwan1/2-bedroom/
Liwan1,liwan1,3 B/R,3-bedroom apartments,3-bedroom,30,ok,1500000.0,859.15,1787.24,92000.0,65,7.36,https://datadubai.ae/communities/liwan1/3-bedroom/
Liwan1,liwan1,4 B/R,4-bedroom apartments,4-bedroom,2,insufficient,,,,,0,,
Jumeirah Lakes Towers,jumeirah-lakes-towers,Studio,Studios,studio,89,ok,815000.0,1872.45,420.01,60000.0,596,7.72,https://datadubai.ae/communities/jumeirah-lakes-towers/studio/
Jumeirah Lakes Towers,jumeirah-lakes-towers,1 B/R,1-bedroom apartments,1-bedroom,329,ok,1574703.5,1801.55,819.35,84000.0,1529,6.89,https://datadubai.ae/communities/jumeirah-lakes-towers/1-bedroom/
Jumeirah Lakes Towers,jumeirah-lakes-towers,2 B/R,2-bedroom apartments,2-bedroom,223,ok,2395828.0,1531.62,1314.6,120000.0,838,6.67,https://datadubai.ae/communities/jumeirah-lakes-towers/2-bedroom/
Jumeirah Lakes Towers,jumeirah-lakes-towers,3 B/R,3-bedroom apartments,3-bedroom,51,ok,3539100.0,1666.53,1950.31,145000.0,168,5.58,https://datadubai.ae/communities/jumeirah-lakes-towers/3-bedroom/
Jumeirah Lakes Towers,jumeirah-lakes-towers,4 B/R,4-bedroom apartments,4-bedroom,6,low,5253930.0,2407.31,2818.21,200000.0,11,,
Jumeirah Lakes Towers,jumeirah-lakes-towers,5 B/R,5-bedroom apartments,5-bedroom,2,insufficient,,,,,1,,
Jaddaf Waterfront,jaddaf-waterfront,Studio,Studios,studio,38,ok,872500.0,1838.31,561.45,58000.0,181,6.44,https://datadubai.ae/communities/jaddaf-waterfront/studio/
Jaddaf Waterfront,jaddaf-waterfront,1 B/R,1-bedroom apartments,1-bedroom,383,ok,1355000.0,1844.91,801.7,70000.0,491,6.09,https://datadubai.ae/communities/jaddaf-waterfront/1-bedroom/
Jaddaf Waterfront,jaddaf-waterfront,2 B/R,2-bedroom apartments,2-bedroom,334,ok,1936250.0,1949.66,1018.48,95746.0,549,3.99,https://datadubai.ae/communities/jaddaf-waterfront/2-bedroom/
Jaddaf Waterfront,jaddaf-waterfront,3 B/R,3-bedroom apartments,3-bedroom,35,ok,3312914.0,1787.64,1895.52,160000.0,170,4.66,https://datadubai.ae/communities/jaddaf-waterfront/3-bedroom/
Jaddaf Waterfront,jaddaf-waterfront,4 B/R,4-bedroom apartments,4-bedroom,1,insufficient,,,,300000.0,15,,
Dubai Harbour,dubai-harbour,1 B/R,1-bedroom apartments,1-bedroom,289,ok,3104814.0,3544.36,840.77,138000.0,601,5.52,https://datadubai.ae/communities/dubai-harbour/1-bedroom/
Dubai Harbour,dubai-harbour,2 B/R,2-bedroom apartments,2-bedroom,349,ok,6686590.0,3993.88,1576.48,220000.0,539,4.89,https://datadubai.ae/communities/dubai-harbour/2-bedroom/
Dubai Harbour,dubai-harbour,3 B/R,3-bedroom apartments,3-bedroom,179,ok,7585425.0,3815.46,2130.93,375000.0,157,5.28,https://datadubai.ae/communities/dubai-harbour/3-bedroom/
Dubai Harbour,dubai-harbour,4 B/R,4-bedroom apartments,4-bedroom,33,ok,,4243.43,4496.09,598391.0,11,,https://datadubai.ae/communities/dubai-harbour/4-bedroom/
Dubai Harbour,dubai-harbour,5 B/R,5-bedroom apartments,5-bedroom,7,low,,,7681.02,,0,,
City Walk,city-walk,1 B/R,1-bedroom apartments,1-bedroom,359,ok,2718500.0,3309.22,804.49,150000.0,350,5.77,https://datadubai.ae/communities/city-walk/1-bedroom/
City Walk,city-walk,2 B/R,2-bedroom apartments,2-bedroom,321,ok,4014500.0,3022.49,1353.51,239000.0,387,5.37,https://datadubai.ae/communities/city-walk/2-bedroom/
City Walk,city-walk,3 B/R,3-bedroom apartments,3-bedroom,139,ok,7097000.0,3199.11,2256.12,315870.7,200,4.77,https://datadubai.ae/communities/city-walk/3-bedroom/
City Walk,city-walk,4 B/R,4-bedroom apartments,4-bedroom,21,ok,,3369.84,4400.93,500000.0,23,,https://datadubai.ae/communities/city-walk/4-bedroom/
City Walk,city-walk,5 B/R,5-bedroom apartments,5-bedroom,2,insufficient,,,,,0,,
Sufouh Gardens,sufouh-gardens,Studio,Studios,studio,3,insufficient,,,,50000.0,112,,
Sufouh Gardens,sufouh-gardens,1 B/R,1-bedroom apartments,1-bedroom,54,ok,1860700.0,2500.4,783.07,85000.0,157,6.28,https://datadubai.ae/communities/sufouh-gardens/1-bedroom/
Sufouh Gardens,sufouh-gardens,2 B/R,2-bedroom apartments,2-bedroom,111,ok,2887200.0,2400.0,1265.3,104038.06,163,4.59,https://datadubai.ae/communities/sufouh-gardens/2-bedroom/
Sufouh Gardens,sufouh-gardens,3 B/R,3-bedroom apartments,3-bedroom,13,low,3725000.0,1729.44,2139.76,195000.0,13,,
Sufouh Gardens,sufouh-gardens,5 B/R,5-bedroom apartments,5-bedroom,1,insufficient,,,,,0,,
Mina Rashid,mina-rashid,1 B/R,1-bedroom apartments,1-bedroom,378,ok,2205388.0,2878.55,777.26,70000.0,25,,https://datadubai.ae/communities/mina-rashid/1-bedroom/
Mina Rashid,mina-rashid,2 B/R,2-bedroom apartments,2-bedroom,245,ok,3476888.0,2800.33,1241.72,109705.09,43,4.39,https://datadubai.ae/communities/mina-rashid/2-bedroom/
Mina Rashid,mina-rashid,3 B/R,3-bedroom apartments,3-bedroom,90,ok,6546388.0,3579.16,1700.59,,3,,https://datadubai.ae/communities/mina-rashid/3-bedroom/
Mina Rashid,mina-rashid,4 B/R,4-bedroom apartments,4-bedroom,6,low,,4063.44,2924.61,,1,,
Sama Al Jadaf,sama-al-jadaf,Studio,Studios,studio,298,ok,836499.5,2279.92,379.75,50000.0,19,,https://datadubai.ae/communities/sama-al-jadaf/studio/
Sama Al Jadaf,sama-al-jadaf,1 B/R,1-bedroom apartments,1-bedroom,322,ok,1462499.0,2067.95,699.22,75000.0,29,,https://datadubai.ae/communities/sama-al-jadaf/1-bedroom/
Sama Al Jadaf,sama-al-jadaf,2 B/R,2-bedroom apartments,2-bedroom,59,ok,2010999.0,2218.59,1000.18,110000.0,56,,https://datadubai.ae/communities/sama-al-jadaf/2-bedroom/
Mohammed Bin Rashid AL Maktoum District 11,mohammed-bin-rashid-al-maktoum-district-11,1 B/R,1-bedroom apartments,1-bedroom,177,ok,1391756.0,1845.3,778.12,75000.0,5,,https://datadubai.ae/communities/mohammed-bin-rashid-al-maktoum-district-11/1-bedroom/
Mohammed Bin Rashid AL Maktoum District 11,mohammed-bin-rashid-al-maktoum-district-11,2 B/R,2-bedroom apartments,2-bedroom,151,ok,2019529.0,1767.0,1196.95,112695.5,18,,https://datadubai.ae/communities/mohammed-bin-rashid-al-maktoum-district-11/2-bedroom/
Mohammed Bin Rashid AL Maktoum District 11,mohammed-bin-rashid-al-maktoum-district-11,3 B/R,3-bedroom apartments,3-bedroom,40,ok,6674328.0,2934.42,2084.05,160000.0,55,,https://datadubai.ae/communities/mohammed-bin-rashid-al-maktoum-district-11/3-bedroom/
Mohammed Bin Rashid AL Maktoum District 11,mohammed-bin-rashid-al-maktoum-district-11,4 B/R,4-bedroom apartments,4-bedroom,190,ok,4400000.0,1756.92,2700.88,180000.0,281,4.68,https://datadubai.ae/communities/mohammed-bin-rashid-al-maktoum-district-11/4-bedroom/
Mohammed Bin Rashid AL Maktoum District 11,mohammed-bin-rashid-al-maktoum-district-11,5 B/R,5-bedroom apartments,5-bedroom,78,ok,12982514.0,2853.75,5000.16,,0,,https://datadubai.ae/communities/mohammed-bin-rashid-al-maktoum-district-11/5-bedroom/
Palm Jabal Ali,palm-jabal-ali,1 B/R,1-bedroom apartments,1-bedroom,150,ok,2789000.0,3391.93,836.14,,0,,https://datadubai.ae/communities/palm-jabal-ali/1-bedroom/
Palm Jabal Ali,palm-jabal-ali,2 B/R,2-bedroom apartments,2-bedroom,132,ok,4540000.0,3613.01,1244.95,,0,,https://datadubai.ae/communities/palm-jabal-ali/2-bedroom/
Palm Jabal Ali,palm-jabal-ali,3 B/R,3-bedroom apartments,3-bedroom,77,ok,7728000.0,3756.14,2056.66,,0,,https://datadubai.ae/communities/palm-jabal-ali/3-bedroom/
Palm Jabal Ali,palm-jabal-ali,4 B/R,4-bedroom apartments,4-bedroom,27,ok,,3782.9,3883.83,,0,,https://datadubai.ae/communities/palm-jabal-ali/4-bedroom/
Palm Jabal Ali,palm-jabal-ali,5 B/R,5-bedroom apartments,5-bedroom,5,low,,3653.21,5041.06,,0,,
Dubai Water Canal,dubai-water-canal,Studio,Studios,studio,93,ok,1275120.0,3250.0,394.93,,0,,https://datadubai.ae/communities/dubai-water-canal/studio/
Dubai Water Canal,dubai-water-canal,1 B/R,1-bedroom apartments,1-bedroom,251,ok,2302000.0,2960.1,769.3,151000.0,70,5.5,https://datadubai.ae/communities/dubai-water-canal/1-bedroom/
Dubai Water Canal,dubai-water-canal,2 B/R,2-bedroom apartments,2-bedroom,202,ok,4059480.0,3040.86,1498.55,220000.0,218,4.71,https://datadubai.ae/communities/dubai-water-canal/2-bedroom/
Dubai Water Canal,dubai-water-canal,3 B/R,3-bedroom apartments,3-bedroom,109,ok,9058805.0,3880.92,2412.95,355000.0,34,5.48,https://datadubai.ae/communities/dubai-water-canal/3-bedroom/
Dubai Water Canal,dubai-water-canal,4 B/R,4-bedroom apartments,4-bedroom,16,low,,4182.04,5436.26,,1,,
Dubai Water Canal,dubai-water-canal,5 B/R,5-bedroom apartments,5-bedroom,10,low,,4464.39,9976.37,,2,,
EXPO CITY,expo-city,1 B/R,1-bedroom apartments,1-bedroom,336,ok,1638388.0,2184.93,746.26,67000.0,506,,https://datadubai.ae/communities/expo-city/1-bedroom/
EXPO CITY,expo-city,2 B/R,2-bedroom apartments,2-bedroom,253,ok,2452830.0,2159.15,1118.91,93000.0,451,,https://datadubai.ae/communities/expo-city/2-bedroom/
EXPO CITY,expo-city,3 B/R,3-bedroom apartments,3-bedroom,19,low,3587888.0,2132.97,1668.51,135000.0,132,,
EXPO CITY,expo-city,4 B/R,4-bedroom apartments,4-bedroom,1,insufficient,,,,,1,,
Business Park,business-park,1 B/R,1-bedroom apartments,1-bedroom,245,ok,2424000.0,2801.06,872.95,,0,,https://datadubai.ae/communities/business-park/1-bedroom/
Business Park,business-park,2 B/R,2-bedroom apartments,2-bedroom,269,ok,4563000.0,3251.64,1413.62,,0,,https://datadubai.ae/communities/business-park/2-bedroom/
Business Park,business-park,3 B/R,3-bedroom apartments,3-bedroom,80,ok,7777000.0,3435.82,2151.06,,0,,https://datadubai.ae/communities/business-park/3-bedroom/
Business Park,business-park,4 B/R,4-bedroom apartments,4-bedroom,8,low,,3739.2,2836.34,,0,,
Business Park,business-park,5 B/R,5-bedroom apartments,5-bedroom,2,insufficient,,,,,0,,
Mudon,mudon,1 B/R,1-bedroom apartments,1-bedroom,8,low,932030.5,1360.44,688.78,63750.0,46,,
Mudon,mudon,2 B/R,2-bedroom apartments,2-bedroom,11,low,1550000.0,1289.58,968.43,107000.0,35,,
Mudon,mudon,3 B/R,3-bedroom apartments,3-bedroom,267,ok,3350000.0,1803.1,1814.69,180000.0,729,5.29,https://datadubai.ae/communities/mudon/3-bedroom/
Mudon,mudon,4 B/R,4-bedroom apartments,4-bedroom,176,ok,4300000.0,1457.76,2838.44,235000.0,385,5.3,https://datadubai.ae/communities/mudon/4-bedroom/
Living Legends,living-legends,Studio,Studios,studio,153,ok,602185.0,1426.44,430.77,46000.0,66,7.93,https://datadubai.ae/communities/living-legends/studio/
Living Legends,living-legends,1 B/R,1-bedroom apartments,1-bedroom,121,ok,953212.5,1112.13,855.84,70000.0,127,8.09,https://datadubai.ae/communities/living-legends/1-bedroom/
Living Legends,living-legends,2 B/R,2-bedroom apartments,2-bedroom,88,ok,1517500.0,1115.28,1425.03,100000.0,84,7.39,https://datadubai.ae/communities/living-legends/2-bedroom/
Living Legends,living-legends,3 B/R,3-bedroom apartments,3-bedroom,104,ok,2010000.0,1128.6,1820.39,150000.0,62,7.5,https://datadubai.ae/communities/living-legends/3-bedroom/
Living Legends,living-legends,4 B/R,4-bedroom apartments,4-bedroom,2,insufficient,,,,,0,,
Living Legends,living-legends,5 B/R,5-bedroom apartments,5-bedroom,1,insufficient,,,,220000.0,31,,
The Greens,the-greens,Studio,Studios,studio,34,ok,900000.0,1984.07,438.31,60437.5,284,6.72,https://datadubai.ae/communities/the-greens/studio/
The Greens,the-greens,1 B/R,1-bedroom apartments,1-bedroom,245,ok,1480000.0,1825.24,776.62,90000.0,1730,6.11,https://datadubai.ae/communities/the-greens/1-bedroom/
The Greens,the-greens,2 B/R,2-bedroom apartments,2-bedroom,175,ok,2475000.0,1807.86,1329.02,150000.0,1126,6.12,https://datadubai.ae/communities/the-greens/2-bedroom/
The Greens,the-greens,3 B/R,3-bedroom apartments,3-bedroom,53,ok,3950000.0,2107.04,1908.66,190000.0,366,5.28,https://datadubai.ae/communities/the-greens/3-bedroom/
The Greens,the-greens,4 B/R,4-bedroom apartments,4-bedroom,6,low,5800000.0,2382.05,2437.43,210000.0,9,,
Falcon City,falcon-city,Studio,Studios,studio,76,ok,874332.5,1932.81,452.19,,0,,https://datadubai.ae/communities/falcon-city/studio/
Falcon City,falcon-city,1 B/R,1-bedroom apartments,1-bedroom,185,ok,1322400.0,1605.54,803.85,,0,,https://datadubai.ae/communities/falcon-city/1-bedroom/
Falcon City,falcon-city,2 B/R,2-bedroom apartments,2-bedroom,166,ok,1815328.0,1575.14,1184.19,,0,,https://datadubai.ae/communities/falcon-city/2-bedroom/
Falcon City,falcon-city,3 B/R,3-bedroom apartments,3-bedroom,36,ok,2703328.0,1571.68,1712.86,,0,,https://datadubai.ae/communities/falcon-city/3-bedroom/
The Valley,the-valley,3 B/R,3-bedroom apartments,3-bedroom,223,ok,2755000.0,1494.99,1872.92,135000.0,485,4.91,https://datadubai.ae/communities/the-valley/3-bedroom/
The Valley,the-valley,4 B/R,4-bedroom apartments,4-bedroom,207,ok,3625000.0,1194.67,3006.36,170000.0,174,4.97,https://datadubai.ae/communities/the-valley/4-bedroom/
The Valley,the-valley,5 B/R,5-bedroom apartments,5-bedroom,9,low,5451888.0,1023.84,5035.36,,0,,
Jumeriah Beach Residence - JBR,jumeriah-beach-residence-jbr,Studio,Studios,studio,11,low,1235000.0,1833.61,712.68,73537.0,111,,
Jumeriah Beach Residence - JBR,jumeriah-beach-residence-jbr,1 B/R,1-bedroom apartments,1-bedroom,115,ok,1800000.0,1763.41,1073.81,102000.0,752,5.67,https://datadubai.ae/communities/jumeriah-beach-residence-jbr/1-bedroom/
Jumeriah Beach Residence - JBR,jumeriah-beach-residence-jbr,2 B/R,2-bedroom apartments,2-bedroom,192,ok,2353000.0,1660.96,1393.28,130000.0,1212,5.52,https://datadubai.ae/communities/jumeriah-beach-residence-jbr/2-bedroom/
Jumeriah Beach Residence - JBR,jumeriah-beach-residence-jbr,3 B/R,3-bedroom apartments,3-bedroom,112,ok,2930186.0,1510.11,1902.95,180000.0,777,6.14,https://datadubai.ae/communities/jumeriah-beach-residence-jbr/3-bedroom/
Jumeriah Beach Residence - JBR,jumeriah-beach-residence-jbr,4 B/R,4-bedroom apartments,4-bedroom,42,ok,4575000.0,1433.12,2933.0,275000.0,142,6.01,https://datadubai.ae/communities/jumeriah-beach-residence-jbr/4-bedroom/
Jumeriah Beach Residence - JBR,jumeriah-beach-residence-jbr,5 B/R,5-bedroom apartments,5-bedroom,3,insufficient,,,,801000.0,5,,
Site A,site-a,1 B/R,1-bedroom apartments,1-bedroom,106,ok,2469575.0,2064.8,885.12,90297.93,101,3.86,https://datadubai.ae/communities/site-a/1-bedroom/
Site A,site-a,2 B/R,2-bedroom apartments,2-bedroom,175,ok,450000.0,899.99,568.77,115631.5,132,,https://datadubai.ae/communities/site-a/2-bedroom/
Site A,site-a,3 B/R,3-bedroom apartments,3-bedroom,116,ok,662500.0,1540.97,1470.46,157757.4,64,,https://datadubai.ae/communities/site-a/3-bedroom/
Site A,site-a,4 B/R,4-bedroom apartments,4-bedroom,23,ok,687500.0,2699.64,2529.41,650000.0,26,,https://datadubai.ae/communities/site-a/4-bedroom/
Jumeirah Golf Estates,jumeirah-golf-estates,1 B/R,1-bedroom apartments,1-bedroom,54,ok,841077.0,1064.16,816.17,90000.0,125,10.7,https://datadubai.ae/communities/jumeirah-golf-estates/1-bedroom/
Jumeirah Golf Estates,jumeirah-golf-estates,2 B/R,2-bedroom apartments,2-bedroom,44,ok,2100000.0,1530.89,1370.68,131250.0,159,6.25,https://datadubai.ae/communities/jumeirah-golf-estates/2-bedroom/
Jumeirah Golf Estates,jumeirah-golf-estates,3 B/R,3-bedroom apartments,3-bedroom,47,ok,4150000.0,2620.97,1597.04,273000.0,165,6.58,https://datadubai.ae/communities/jumeirah-golf-estates/3-bedroom/
Jumeirah Golf Estates,jumeirah-golf-estates,4 B/R,4-bedroom apartments,4-bedroom,13,low,7450000.0,2190.55,2340.18,462338.75,108,,
Jumeirah Golf Estates,jumeirah-golf-estates,5 B/R,5-bedroom apartments,5-bedroom,2,insufficient,,,,849999.88,98,,
Arabian Ranches 3,arabian-ranches-3,3 B/R,3-bedroom apartments,3-bedroom,201,ok,2950000.0,1924.26,1559.04,155000.0,906,4.99,https://datadubai.ae/communities/arabian-ranches-3/3-bedroom/
Arabian Ranches 3,arabian-ranches-3,4 B/R,4-bedroom apartments,4-bedroom,123,ok,4100000.0,1453.88,2781.93,230000.0,585,5.17,https://datadubai.ae/communities/arabian-ranches-3/4-bedroom/
Arabian Ranches 3,arabian-ranches-3,5 B/R,5-bedroom apartments,5-bedroom,14,low,6250000.0,1382.45,4520.84,322500.0,60,,
Wasl 1,wasl-1,1 B/R,1-bedroom apartments,1-bedroom,71,ok,1863777.0,2249.21,835.71,105000.0,251,5.83,https://datadubai.ae/communities/wasl-1/1-bedroom/
Wasl 1,wasl-1,2 B/R,2-bedroom apartments,2-bedroom,230,ok,2650000.0,2156.73,1194.58,150000.0,349,5.24,https://datadubai.ae/communities/wasl-1/2-bedroom/
Wasl 1,wasl-1,3 B/R,3-bedroom apartments,3-bedroom,108,ok,4103277.0,2390.08,1742.25,222500.0,28,5.05,https://datadubai.ae/communities/wasl-1/3-bedroom/
TILAL AL GHAF,tilal-al-ghaf,3 B/R,3-bedroom apartments,3-bedroom,91,ok,4000000.0,2604.64,1511.58,200000.0,502,5.0,https://datadubai.ae/communities/tilal-al-ghaf/3-bedroom/
TILAL AL GHAF,tilal-al-ghaf,4 B/R,4-bedroom apartments,4-bedroom,125,ok,5450000.0,2127.78,2398.41,310000.0,638,6.2,https://datadubai.ae/communities/tilal-al-ghaf/4-bedroom/
TILAL AL GHAF,tilal-al-ghaf,5 B/R,5-bedroom apartments,5-bedroom,14,low,6325000.0,2501.08,2505.14,628349.05,124,,
WARSAN FIRST DEVELOPMENT,warsan-first-development,Studio,Studios,studio,207,ok,523700.0,1379.45,380.07,40000.0,254,7.77,https://datadubai.ae/communities/warsan-first-development/studio/
WARSAN FIRST DEVELOPMENT,warsan-first-development,1 B/R,1-bedroom apartments,1-bedroom,108,ok,826668.0,1200.0,651.0,50000.0,674,6.25,https://datadubai.ae/communities/warsan-first-development/1-bedroom/
WARSAN FIRST DEVELOPMENT,warsan-first-development,2 B/R,2-bedroom apartments,2-bedroom,13,low,1312497.0,1185.92,1102.22,67000.0,204,,
Barsha Heights,barsha-heights,Studio,Studios,studio,34,ok,840000.0,1950.66,380.77,60000.0,441,7.14,https://datadubai.ae/communities/barsha-heights/studio/
Barsha Heights,barsha-heights,1 B/R,1-bedroom apartments,1-bedroom,40,ok,1126936.0,1525.0,729.47,66096.53,2292,5.87,https://datadubai.ae/communities/barsha-heights/1-bedroom/
Barsha Heights,barsha-heights,2 B/R,2-bedroom apartments,2-bedroom,36,ok,1525000.0,1138.23,1307.28,86823.0,2259,5.79,https://datadubai.ae/communities/barsha-heights/2-bedroom/
Barsha Heights,barsha-heights,3 B/R,3-bedroom apartments,3-bedroom,10,low,,2271.31,5689.7,120000.0,278,,
Barsha Heights,barsha-heights,4 B/R,4-bedroom apartments,4-bedroom,2,insufficient,,,,171335.0,8,,
Rukan,rukan,Studio,Studios,studio,35,ok,510000.0,1206.39,429.26,40000.0,153,7.84,https://datadubai.ae/communities/rukan/studio/
Rukan,rukan,1 B/R,1-bedroom apartments,1-bedroom,167,ok,950000.0,1285.57,581.68,67000.0,618,7.05,https://datadubai.ae/communities/rukan/1-bedroom/
Rukan,rukan,2 B/R,2-bedroom apartments,2-bedroom,82,ok,1650000.0,1453.57,1066.33,105000.0,217,6.36,https://datadubai.ae/communities/rukan/2-bedroom/
Rukan,rukan,3 B/R,3-bedroom apartments,3-bedroom,25,ok,2100000.0,1410.54,1404.26,130000.0,44,6.19,https://datadubai.ae/communities/rukan/3-bedroom/
Rukan,rukan,4 B/R,4-bedroom apartments,4-bedroom,2,insufficient,,,,,3,,
Al Barari,al-barari,Studio,Studios,studio,19,low,974801.0,1738.23,560.15,,4,,
Al Barari,al-barari,1 B/R,1-bedroom apartments,1-bedroom,86,ok,2310709.0,1738.23,1152.87,167500.0,37,9.24,https://datadubai.ae/communities/al-barari/1-bedroom/
Al Barari,al-barari,2 B/R,2-bedroom apartments,2-bedroom,98,ok,5267469.5,2523.87,1881.42,355000.0,39,11.39,https://datadubai.ae/communities/al-barari/2-bedroom/
Al Barari,al-barari,3 B/R,3-bedroom apartments,3-bedroom,27,ok,7358390.0,2905.55,2486.03,575000.0,6,,https://datadubai.ae/communities/al-barari/3-bedroom/
Al Barari,al-barari,4 B/R,4-bedroom apartments,4-bedroom,22,ok,8400000.0,3221.55,1940.19,500000.0,81,5.95,https://datadubai.ae/communities/al-barari/4-bedroom/
Al Barari,al-barari,5 B/R,5-bedroom apartments,5-bedroom,2,insufficient,,,,897587.13,39,,
Remraam,remraam,Studio,Studios,studio,36,ok,477500.0,998.2,468.45,40000.0,271,8.38,https://datadubai.ae/communities/remraam/studio/
Remraam,remraam,1 B/R,1-bedroom apartments,1-bedroom,130,ok,685000.0,932.19,688.89,55000.0,1034,8.03,https://datadubai.ae/communities/remraam/1-bedroom/
Remraam,remraam,2 B/R,2-bedroom apartments,2-bedroom,103,ok,1100000.0,944.74,1008.9,77000.0,685,7.0,https://datadubai.ae/communities/remraam/2-bedroom/
Remraam,remraam,3 B/R,3-bedroom apartments,3-bedroom,29,ok,1780000.0,900.0,2206.28,108967.5,152,6.12,https://datadubai.ae/communities/remraam/3-bedroom/
LA MER,la-mer,1 B/R,1-bedroom apartments,1-bedroom,68,ok,2300000.0,2829.03,809.23,121375.0,334,5.28,https://datadubai.ae/communities/la-mer/1-bedroom/
LA MER,la-mer,2 B/R,2-bedroom apartments,2-bedroom,82,ok,3850000.0,3040.95,1313.74,200000.0,280,5.19,https://datadubai.ae/communities/la-mer/2-bedroom/
LA MER,la-mer,3 B/R,3-bedroom apartments,3-bedroom,59,ok,7900000.0,3699.53,3188.27,420000.0,60,,https://datadubai.ae/communities/la-mer/3-bedroom/
LA MER,la-mer,4 B/R,4-bedroom apartments,4-bedroom,52,ok,,,4603.94,650000.0,21,,https://datadubai.ae/communities/la-mer/4-bedroom/
LA MER,la-mer,5 B/R,5-bedroom apartments,5-bedroom,18,low,,,7642.7,1100000.0,11,,
Dubai Investment Park Second,dubai-investment-park-second,Studio,Studios,studio,85,ok,401183.0,889.94,451.01,36000.0,1024,8.97,https://datadubai.ae/communities/dubai-investment-park-second/studio/
Dubai Investment Park Second,dubai-investment-park-second,1 B/R,1-bedroom apartments,1-bedroom,88,ok,581609.0,699.96,829.68,48151.0,947,8.28,https://datadubai.ae/communities/dubai-investment-park-second/1-bedroom/
Dubai Investment Park Second,dubai-investment-park-second,2 B/R,2-bedroom apartments,2-bedroom,38,ok,955000.0,625.16,1539.99,80000.0,279,8.38,https://datadubai.ae/communities/dubai-investment-park-second/2-bedroom/
Dubai Investment Park Second,dubai-investment-park-second,3 B/R,3-bedroom apartments,3-bedroom,6,low,1715000.0,619.96,2864.87,135000.0,17,,
Emirates Living,emirates-living,2 B/R,2-bedroom apartments,2-bedroom,119,ok,3700000.0,1609.35,2216.4,150000.0,548,4.05,https://datadubai.ae/communities/emirates-living/2-bedroom/
Emirates Living,emirates-living,3 B/R,3-bedroom apartments,3-bedroom,94,ok,5800000.0,1694.97,3679.37,230000.0,647,3.97,https://datadubai.ae/communities/emirates-living/3-bedroom/
Arabian Ranches - 1,arabian-ranches-1,2 B/R,2-bedroom apartments,2-bedroom,41,ok,3900000.0,1453.1,2611.11,165000.0,223,4.23,https://datadubai.ae/communities/arabian-ranches-1/2-bedroom/
Arabian Ranches - 1,arabian-ranches-1,3 B/R,3-bedroom apartments,3-bedroom,100,ok,4999999.0,1436.88,3715.54,235000.5,622,4.7,https://datadubai.ae/communities/arabian-ranches-1/3-bedroom/
Nad Al Sheba Gardens,nad-al-sheba-gardens,Studio,Studios,studio,2,insufficient,,,,52500.0,21,,
Nad Al Sheba Gardens,nad-al-sheba-gardens,1 B/R,1-bedroom apartments,1-bedroom,55,ok,1675000.0,1922.39,833.88,80950.0,90,,https://datadubai.ae/communities/nad-al-sheba-gardens/1-bedroom/
Nad Al Sheba Gardens,nad-al-sheba-gardens,2 B/R,2-bedroom apartments,2-bedroom,46,ok,2138892.0,1753.2,1336.12,137500.0,82,,https://datadubai.ae/communities/nad-al-sheba-gardens/2-bedroom/
Nad Al Sheba Gardens,nad-al-sheba-gardens,3 B/R,3-bedroom apartments,3-bedroom,56,ok,5300000.0,2089.84,2135.13,310000.0,74,,https://datadubai.ae/communities/nad-al-sheba-gardens/3-bedroom/
Mohammed Bin Rashid AL Maktoum City -District -1 Community,mohammed-bin-rashid-al-maktoum-city-district-1-community,1 B/R,1-bedroom apartments,1-bedroom,105,ok,1522486.0,1922.21,767.25,100000.0,562,6.57,https://datadubai.ae/communities/mohammed-bin-rashid-al-maktoum-city-district-1-community/1-bedroom/
Mohammed Bin Rashid AL Maktoum City -District -1 Community,mohammed-bin-rashid-al-maktoum-city-district-1-community,2 B/R,2-bedroom apartments,2-bedroom,42,ok,2704000.0,2148.85,1309.05,175000.0,157,6.6,https://datadubai.ae/communities/mohammed-bin-rashid-al-maktoum-city-district-1-community/2-bedroom/
Mohammed Bin Rashid AL Maktoum City -District -1 Community,mohammed-bin-rashid-al-maktoum-city-district-1-community,3 B/R,3-bedroom apartments,3-bedroom,22,ok,4270000.0,2400.2,1851.02,281000.0,56,6.65,https://datadubai.ae/communities/mohammed-bin-rashid-al-maktoum-city-district-1-community/3-bedroom/
Mohammed Bin Rashid AL Maktoum City -District -1 Community,mohammed-bin-rashid-al-maktoum-city-district-1-community,4 B/R,4-bedroom apartments,4-bedroom,5,low,,2568.72,3309.04,550000.0,5,,
Jumeirah Park,jumeirah-park,4 B/R,4-bedroom apartments,4-bedroom,4,insufficient,,,,350000.0,330,,
HADAEQ SHEIKH MOHAMMED BIN RASHID - DISRICT 7,hadaeq-sheikh-mohammed-bin-rashid-disrict-7,Studio,Studios,studio,47,ok,767500.0,1848.39,411.18,55000.0,356,7.17,https://datadubai.ae/communities/hadaeq-sheikh-mohammed-bin-rashid-disrict-7/studio/
HADAEQ SHEIKH MOHAMMED BIN RASHID - DISRICT 7,hadaeq-sheikh-mohammed-bin-rashid-disrict-7,1 B/R,1-bedroom apartments,1-bedroom,36,ok,1370000.0,1711.04,802.45,85000.0,167,6.3,https://datadubai.ae/communities/hadaeq-sheikh-mohammed-bin-rashid-disrict-7/1-bedroom/
HADAEQ SHEIKH MOHAMMED BIN RASHID - DISRICT 7,hadaeq-sheikh-mohammed-bin-rashid-disrict-7,2 B/R,2-bedroom apartments,2-bedroom,29,ok,3200000.0,2339.59,1410.5,160000.0,172,5.38,https://datadubai.ae/communities/hadaeq-sheikh-mohammed-bin-rashid-disrict-7/2-bedroom/
HADAEQ SHEIKH MOHAMMED BIN RASHID - DISRICT 7,hadaeq-sheikh-mohammed-bin-rashid-disrict-7,3 B/R,3-bedroom apartments,3-bedroom,14,low,3725000.0,2516.35,1460.45,195000.0,165,,
HADAEQ SHEIKH MOHAMMED BIN RASHID - DISRICT 7,hadaeq-sheikh-mohammed-bin-rashid-disrict-7,4 B/R,4-bedroom apartments,4-bedroom,11,low,8330360.0,1644.34,2583.55,310000.0,23,,
HADAEQ SHEIKH MOHAMMED BIN RASHID - DISRICT 7,hadaeq-sheikh-mohammed-bin-rashid-disrict-7,5 B/R,5-bedroom apartments,5-bedroom,1,insufficient,,,,,0,,
Dubai International Financial Center,dubai-international-financial-center,1 B/R,1-bedroom apartments,1-bedroom,48,ok,3892500.0,3721.12,1043.99,,0,,https://datadubai.ae/communities/dubai-international-financial-center/1-bedroom/
Dubai International Financial Center,dubai-international-financial-center,2 B/R,2-bedroom apartments,2-bedroom,65,ok,8006440.0,4421.21,1950.74,,0,,https://datadubai.ae/communities/dubai-international-financial-center/2-bedroom/
Dubai International Financial Center,dubai-international-financial-center,3 B/R,3-bedroom apartments,3-bedroom,16,low,,4639.56,2605.73,,0,,
Dubai International Financial Center,dubai-international-financial-center,4 B/R,4-bedroom apartments,4-bedroom,3,insufficient,,,,,0,,
Dubai International Financial Center,dubai-international-financial-center,5 B/R,5-bedroom apartments,5-bedroom,1,insufficient,,,,,0,,
Bluewaters Island,bluewaters-island,1 B/R,1-bedroom apartments,1-bedroom,17,low,5500000.0,3868.4,1138.28,280000.0,54,5.09,
Bluewaters Island,bluewaters-island,2 B/R,2-bedroom apartments,2-bedroom,33,ok,6850000.0,2383.37,1608.34,430000.0,85,6.28,https://datadubai.ae/communities/bluewaters-island/2-bedroom/
Bluewaters Island,bluewaters-island,3 B/R,3-bedroom apartments,3-bedroom,37,ok,,,2099.82,550000.0,47,,https://datadubai.ae/communities/bluewaters-island/3-bedroom/
Bluewaters Island,bluewaters-island,4 B/R,4-bedroom apartments,4-bedroom,6,low,,,2458.85,1500000.0,7,,
Bluewaters Island,bluewaters-island,5 B/R,5-bedroom apartments,5-bedroom,1,insufficient,,,,,0,,
800 Villas,800-villas,2 B/R,2-bedroom apartments,2-bedroom,19,low,2500000.0,1329.08,1859.9,135000.0,185,5.4,
800 Villas,800-villas,3 B/R,3-bedroom apartments,3-bedroom,58,ok,3317500.0,1224.69,2797.54,160000.0,365,4.82,https://datadubai.ae/communities/800-villas/3-bedroom/
Arabian Ranches II,arabian-ranches-ii,3 B/R,3-bedroom apartments,3-bedroom,9,low,3625000.0,2027.11,1945.9,180000.0,243,,
Arabian Ranches II,arabian-ranches-ii,4 B/R,4-bedroom apartments,4-bedroom,11,low,4500000.0,1526.28,2982.68,290000.0,241,,
Springs - 2,springs-2,2 B/R,2-bedroom apartments,2-bedroom,33,ok,3472500.0,1690.3,2228.99,155000.0,68,4.46,https://datadubai.ae/communities/springs-2/2-bedroom/
Springs - 2,springs-2,3 B/R,3-bedroom apartments,3-bedroom,17,low,6000000.0,1700.03,3686.42,220000.0,72,3.67,
Madinat Badr,madinat-badr,1 B/R,1-bedroom apartments,1-bedroom,17,low,1250000.0,1331.32,926.77,80000.0,148,6.4,
Madinat Badr,madinat-badr,2 B/R,2-bedroom apartments,2-bedroom,25,ok,2100000.0,1390.65,1447.42,120000.0,152,5.71,https://datadubai.ae/communities/madinat-badr/2-bedroom/
Madinat Badr,madinat-badr,3 B/R,3-bedroom apartments,3-bedroom,6,low,2950000.0,1326.77,2117.42,170000.0,28,,
DMCC-EZ1,dmcc-ez1,Studio,Studios,studio,9,low,1401828.0,2508.24,550.04,50000.0,9,,
DMCC-EZ1,dmcc-ez1,1 B/R,1-bedroom apartments,1-bedroom,12,low,2650000.0,2798.41,957.5,150000.0,46,,
DMCC-EZ1,dmcc-ez1,2 B/R,2-bedroom apartments,2-bedroom,20,ok,3943506.5,2786.86,1479.07,310000.0,16,,https://datadubai.ae/communities/dmcc-ez1/2-bedroom/
DMCC-EZ1,dmcc-ez1,3 B/R,3-bedroom apartments,3-bedroom,2,insufficient,,,,,1,,
Springs - 1,springs-1,2 B/R,2-bedroom apartments,2-bedroom,23,ok,3600000.0,1572.42,2226.73,162500.0,77,4.51,https://datadubai.ae/communities/springs-1/2-bedroom/
Springs - 1,springs-1,3 B/R,3-bedroom apartments,3-bedroom,24,ok,5725000.0,1693.64,3069.71,244660.0,101,4.27,https://datadubai.ae/communities/springs-1/3-bedroom/
DUBAI HILLS - MAPLE 1,dubai-hills-maple-1,3 B/R,3-bedroom apartments,3-bedroom,12,low,4787500.0,2284.82,2092.29,240000.0,85,,
DUBAI HILLS - MAPLE 1,dubai-hills-maple-1,4 B/R,4-bedroom apartments,4-bedroom,16,low,5300000.0,2164.17,2176.14,280000.0,179,5.28,
DUBAI HILLS - MAPLE 1,dubai-hills-maple-1,5 B/R,5-bedroom apartments,5-bedroom,12,low,6225000.0,1977.83,3031.92,319211.1,92,,
Festival City,festival-city,Studio,Studios,studio,2,insufficient,,,,,4,,
Festival City,festival-city,1 B/R,1-bedroom apartments,1-bedroom,4,insufficient,,,,97000.0,120,,
Festival City,festival-city,2 B/R,2-bedroom apartments,2-bedroom,23,ok,2853000.0,1573.72,1839.01,156225.0,248,5.48,https://datadubai.ae/communities/festival-city/2-bedroom/
Festival City,festival-city,3 B/R,3-bedroom apartments,3-bedroom,11,low,3550000.0,1426.96,2527.37,200000.0,157,,
THE SUSTAINABLE CITY,the-sustainable-city,3 B/R,3-bedroom apartments,3-bedroom,14,low,4750000.0,2258.53,2104.78,253500.0,66,,
THE SUSTAINABLE CITY,the-sustainable-city,4 B/R,4-bedroom apartments,4-bedroom,17,low,4999999.0,1989.17,2314.78,270000.0,61,5.4,
DUBAI HILLS - MAPLE 3,dubai-hills-maple-3,3 B/R,3-bedroom apartments,3-bedroom,13,low,4950000.0,2325.25,2149.88,240000.0,110,,
DUBAI HILLS - MAPLE 3,dubai-hills-maple-3,4 B/R,4-bedroom apartments,4-bedroom,22,ok,5800000.0,1862.66,3136.76,275000.0,157,4.74,https://datadubai.ae/communities/dubai-hills-maple-3/4-bedroom/
DUBAI HILLS - MAPLE 3,dubai-hills-maple-3,5 B/R,5-bedroom apartments,5-bedroom,2,insufficient,,,,320000.0,11,,
DUBAI HILLS - MAPLE 2,dubai-hills-maple-2,3 B/R,3-bedroom apartments,3-bedroom,11,low,4850000.0,2285.48,2098.96,232500.0,120,,
DUBAI HILLS - MAPLE 2,dubai-hills-maple-2,4 B/R,4-bedroom apartments,4-bedroom,19,low,5500000.0,1856.1,3047.59,275000.0,158,5.0,
DUBAI HILLS - MAPLE 2,dubai-hills-maple-2,5 B/R,5-bedroom apartments,5-bedroom,3,insufficient,,,,310000.0,45,,
Uptown Mirdif,uptown-mirdif,Studio,Studios,studio,6,low,585000.0,1071.23,519.3,45500.0,60,,
Uptown Mirdif,uptown-mirdif,1 B/R,1-bedroom apartments,1-bedroom,10,low,957500.0,921.43,1015.04,65000.0,61,,
Uptown Mirdif,uptown-mirdif,2 B/R,2-bedroom apartments,2-bedroom,12,low,1212488.5,794.56,1525.84,90000.0,83,,
Uptown Mirdif,uptown-mirdif,3 B/R,3-bedroom apartments,3-bedroom,1,insufficient,,,,132000.0,72,,
TECOM Site D,tecom-site-d,Studio,Studios,studio,9,low,1416852.0,2666.22,591.26,,0,,
TECOM Site D,tecom-site-d,1 B/R,1-bedroom apartments,1-bedroom,8,low,2171816.5,2229.02,974.03,,0,,
TECOM Site D,tecom-site-d,2 B/R,2-bedroom apartments,2-bedroom,7,low,2606685.0,2430.09,1040.65,,0,,
Liwan2,liwan2,1 B/R,1-bedroom apartments,1-bedroom,1,insufficient,,,,54000.0,758,,
Liwan2,liwan2,2 B/R,2-bedroom apartments,2-bedroom,9,low,1292000.0,1102.71,984.04,75000.0,305,,
Badra,badra,Studio,Studios,studio,3,insufficient,,,,32025.0,79,,
Badra,badra,1 B/R,1-bedroom apartments,1-bedroom,5,low,615000.0,799.2,713.22,41000.0,143,,
Badra,badra,2 B/R,2-bedroom apartments,2-bedroom,6,low,755000.0,738.42,1016.01,52094.0,78,,
Badra,badra,3 B/R,3-bedroom apartments,3-bedroom,5,low,1050000.0,745.38,1408.67,72000.0,41,,
Springs - 3,springs-3,2 B/R,2-bedroom apartments,2-bedroom,13,low,3375000.0,1753.83,1857.1,154538.0,56,,
Springs - 3,springs-3,3 B/R,3-bedroom apartments,3-bedroom,10,low,5700000.0,1655.17,3496.76,245000.0,46,,
Jumeira Bay,jumeira-bay,1 B/R,1-bedroom apartments,1-bedroom,3,insufficient,,,,750000.0,17,,
Jumeira Bay,jumeira-bay,2 B/R,2-bedroom apartments,2-bedroom,5,low,,,1937.72,900000.0,13,,
Jumeira Bay,jumeira-bay,3 B/R,3-bedroom apartments,3-bedroom,5,low,,,2698.19,1575000.0,26,,
Jumeira Bay,jumeira-bay,4 B/R,4-bedroom apartments,4-bedroom,3,insufficient,,,,,2,,
Jumeira Bay,jumeira-bay,5 B/R,5-bedroom apartments,5-bedroom,1,insufficient,,,,,0,,
