name,slug,url,number,n,quality,price_median,psf_median,psf_yoy,n_yoy,offplan_share,n_projects,units,building
Binghatti Developers Fze,binghatti-developers-fze,https://datadubai.ae/developers/binghatti-developers-fze/,1051,17145,ok,1190999.0,1905.08,11.6,44.4,90.9,79,46494,38
Azizi Developments L.L.C,azizi-developments-l-l-c,https://datadubai.ae/developers/azizi-developments-l-l-c/,1002,15537,ok,676000.0,1704.64,0.8,113.9,86.6,150,58893,59
Emaar Development P.J.S.C.,emaar-development-p-j-s-c,https://datadubai.ae/developers/emaar-development-p-j-s-c/,1211,6811,ok,4684888.0,2213.81,39.7,-25.5,38.6,113,42383,58
Sobha L.L.C,sobha-l-l-c,https://datadubai.ae/developers/sobha-l-l-c/,966,6653,ok,2033065.0,2524.99,13.5,-44.2,83.6,46,38608,29
Danube Properties Development L.L.C,danube-properties-development-l-l-c,https://datadubai.ae/developers/danube-properties-development-l-l-c/,1009,4714,ok,1397000.0,2176.03,11.9,4.1,84.6,42,27520,23
Damac Prime Development L.L.C,damac-prime-development-l-l-c,https://datadubai.ae/developers/damac-prime-development-l-l-c/,2464,3475,ok,2903000.0,1821.93,,,99.4,10,4659,10
Damac Mry Investment L.L.C,damac-mry-investment-l-l-c,https://datadubai.ae/developers/damac-mry-investment-l-l-c/,1866,3134,ok,1215000.0,1465.59,-5.7,-16.4,100.0,18,7403,18
Dubai Creek Harbour L.L.C,dubai-creek-harbour-l-l-c,https://datadubai.ae/developers/dubai-creek-harbour-l-l-c/,1224,2966,ok,2513194.0,2592.71,5.7,22.0,86.3,27,9840,15
Island Oasis Properties,island-oasis-properties,https://datadubai.ae/developers/island-oasis-properties/,921,2946,ok,1382250.0,1828.83,6.0,0.8,59.4,36,16095,27
Ellington Properties Development L.L.C,ellington-properties-development-l-l-c,https://datadubai.ae/developers/ellington-properties-development-l-l-c/,1117,2474,ok,2159328.0,2288.38,29.7,184.7,87.9,34,6624,18
Dubai Hills Estate L.L.C,dubai-hills-estate-l-l-c,https://datadubai.ae/developers/dubai-hills-estate-l-l-c/,984,2409,ok,2445000.0,2388.85,-0.7,-51.1,57.7,56,20671,20
Tiger Properties,tiger-properties,https://datadubai.ae/developers/tiger-properties/,581,2063,ok,811326.0,1543.32,14.8,-27.0,78.2,26,12255,10
Damac Crescent Properties,damac-crescent-properties,https://datadubai.ae/developers/damac-crescent-properties/,954,1942,ok,1317000.0,1669.58,27.7,22.4,52.1,59,11900,16
Deyaar Development (P.J.S.C),deyaar-development-p-j-s-c,https://datadubai.ae/developers/deyaar-development-p-j-s-c/,15,1922,ok,1400000.0,1406.6,9.7,-16.5,70.0,40,11819,12
Nshama Properties Owned By Nshmi Development One Person Company L.L.C,nshama-properties-owned-by-nshmi-development-one-person-company-l-l-c,https://datadubai.ae/developers/nshama-properties-owned-by-nshmi-development-one-person-company-l-l-c/,1162,1851,ok,1429444.0,1583.15,14.0,-12.6,66.5,38,9188,24
Hre Real Estate Development L.L.C,hre-real-estate-development-l-l-c,https://datadubai.ae/developers/hre-real-estate-development-l-l-c/,1669,1849,ok,1269994.0,1689.47,5.8,48.0,99.9,6,5599,5
Samana International Real Estate Development L.L.C,samana-international-real-estate-development-l-l-c,https://datadubai.ae/developers/samana-international-real-estate-development-l-l-c/,1229,1756,ok,849055.0,1579.54,8.6,-31.8,94.9,19,7491,14
Emaar Dubai South Dwc Llc,emaar-dubai-south-dwc-llc,https://datadubai.ae/developers/emaar-dubai-south-dwc-llc/,1155,1569,ok,1690888.0,1609.01,10.3,-55.2,79.0,38,9611,26
Dubai South Properties Dwc Llc,dubai-south-properties-dwc-llc,https://datadubai.ae/developers/dubai-south-properties-dwc-llc/,1142,1522,ok,4151564.0,1348.0,10.8,107.4,80.5,32,5672,19
Front Line Investment Management L.L.C,front-line-investment-management-l-l-c,https://datadubai.ae/developers/front-line-investment-management-l-l-c/,1021,1373,ok,1650000.0,1142.25,-5.8,-73.4,5.0,46,16508,13
Emaar Properties (P.J.S.C),emaar-properties-p-j-s-c,https://datadubai.ae/developers/emaar-properties-p-j-s-c/,555,1361,ok,3762500.0,2096.7,5.2,-28.4,5.9,68,18990,16
Reportage Plus A Real Estate Development L.L.C,reportage-plus-a-real-estate-development-l-l-c,https://datadubai.ae/developers/reportage-plus-a-real-estate-development-l-l-c/,1936,1359,ok,1159040.5,1227.71,,,99.8,16,4248,16
Iman Developers L.L.C,iman-developers-l-l-c,https://datadubai.ae/developers/iman-developers-l-l-c/,1178,1330,ok,1282975.0,1712.86,6.7,-21.1,88.9,17,4614,9
Samana Signature Real Estate Developments L.L.C,samana-signature-real-estate-developments-l-l-c,https://datadubai.ae/developers/samana-signature-real-estate-developments-l-l-c/,1598,1299,ok,1013894.0,1607.28,2.3,-25.4,100.0,12,4236,12
Select Global Development L.L.C,select-global-development-l-l-c,https://datadubai.ae/developers/select-global-development-l-l-c/,972,1188,ok,2080000.0,2655.64,3.0,7.8,55.4,19,8287,5
Imtiaz Ja Real Estate Development L.L.C,imtiaz-ja-real-estate-development-l-l-c,https://datadubai.ae/developers/imtiaz-ja-real-estate-development-l-l-c/,2717,1117,ok,879905.0,1759.88,,,99.9,3,2014,3
Jag Development L.L.C,jag-development-l-l-c,https://datadubai.ae/developers/jag-development-l-l-c/,1233,1099,ok,1628000.0,1537.74,19.4,6.1,93.0,15,4678,12
Dhre 2 Bts L.L.C,dhre-2-bts-l-l-c,https://datadubai.ae/developers/dhre-2-bts-l-l-c/,1510,1086,ok,5095000.0,3646.27,7.5,0.4,90.2,11,4100,11
Dwtc Emaar L.L.C,dwtc-emaar-l-l-c,https://datadubai.ae/developers/dwtc-emaar-l-l-c/,1237,1082,ok,1709388.0,2148.75,2.6,17.0,100.0,3,2389,3
The Lagoons Phase One L.L.C,the-lagoons-phase-one-l-l-c,https://datadubai.ae/developers/the-lagoons-phase-one-l-l-c/,1038,1069,ok,2700000.0,2402.27,4.5,-21.1,13.2,21,10494,2
Reportage Prime Properties L.L.C,reportage-prime-properties-l-l-c,https://datadubai.ae/developers/reportage-prime-properties-l-l-c/,1277,1044,ok,1557000.0,1396.18,5.2,-26.5,95.0,10,5196,9
Imtiaz Cove Real Estate Development L.L.C,imtiaz-cove-real-estate-development-l-l-c,https://datadubai.ae/developers/imtiaz-cove-real-estate-development-l-l-c/,2275,1015,ok,785824.0,1618.99,10.2,1437.9,100.0,3,1125,3
Majid Al Futtaim Ghaf Woods L.L.C,majid-al-futtaim-ghaf-woods-l-l-c,https://datadubai.ae/developers/majid-al-futtaim-ghaf-woods-l-l-c/,1441,1000,ok,2566500.0,2000.01,8.0,-53.5,100.0,6,3222,6
Aurora Spv 3 L.L.C,aurora-spv-3-l-l-c,https://datadubai.ae/developers/aurora-spv-3-l-l-c/,1657,957,ok,2201070.0,1631.9,9.0,-23.1,91.7,6,2735,6
Object One Real Estate Development L.L.C,object-one-real-estate-development-l-l-c,https://datadubai.ae/developers/object-one-real-estate-development-l-l-c/,1579,920,ok,1139072.0,1512.78,7.3,23.3,97.8,14,3861,12
Ellington Pcfc Developers L.L.C,ellington-pcfc-developers-l-l-c,https://datadubai.ae/developers/ellington-pcfc-developers-l-l-c/,2371,890,ok,2250328.0,2513.75,,,100.0,2,1542,2
Clear Vision Real Estate Development L.L.C,clear-vision-real-estate-development-l-l-c,https://datadubai.ae/developers/clear-vision-real-estate-development-l-l-c/,1806,845,ok,1075950.0,1324.48,22.0,193.4,94.4,7,1309,4
London Gate Real Estate Development L.L.C,london-gate-real-estate-development-l-l-c,https://datadubai.ae/developers/london-gate-real-estate-development-l-l-c/,1596,820,ok,1462640.0,2372.64,-6.7,-23.4,92.4,9,2629,5
Citywalk Residential 1 L.L.C,citywalk-residential-1-l-l-c,https://datadubai.ae/developers/citywalk-residential-1-l-l-c/,1109,808,ok,3559000.0,3221.13,6.4,-15.0,73.8,26,4755,11
Damac Elite Investment Co. L.L.C,damac-elite-investment-co-l-l-c,https://datadubai.ae/developers/damac-elite-investment-co-l-l-c/,2035,803,ok,2829000.0,,,-85.9,0.0,20,9930,20
Leos Development L.L.C,leos-development-l-l-c,https://datadubai.ae/developers/leos-development-l-l-c/,1494,771,ok,1016649.0,1328.44,3.6,7.7,96.2,8,1802,6
Peace Homes Development L.L.C,peace-homes-development-l-l-c,https://datadubai.ae/developers/peace-homes-development-l-l-c/,1745,770,ok,789181.5,1536.07,-2.2,-2.3,100.0,5,2349,5
Damac Crest Development L.L.C,damac-crest-development-l-l-c,https://datadubai.ae/developers/damac-crest-development-l-l-c/,2117,753,ok,2602510.0,3149.48,1.7,81.4,100.0,2,1661,2
Continental Investments Lmd L.L.C,continental-investments-lmd-l-l-c,https://datadubai.ae/developers/continental-investments-lmd-l-l-c/,958,736,ok,1038649.5,1570.03,6.2,-45.5,53.1,10,3450,4
Bt Properties Dwc Llc,bt-properties-dwc-llc,https://datadubai.ae/developers/bt-properties-dwc-llc/,2254,733,ok,877000.0,1171.26,-1.9,270.2,96.2,6,1709,6
Mina Rashid Properties L.L.C,mina-rashid-properties-l-l-c,https://datadubai.ae/developers/mina-rashid-properties-l-l-c/,1275,719,ok,2382888.0,2881.84,13.1,-43.1,96.7,22,4842,20
Nas Estates L.L.C,nas-estates-l-l-c,https://datadubai.ae/developers/nas-estates-l-l-c/,1762,670,ok,9633000.0,2752.23,11.9,104.3,47.6,8,1433,8
The Palm - Jebel Ali Co. (L.L.C),the-palm-jebel-ali-co-l-l-c,https://datadubai.ae/developers/the-palm-jebel-ali-co-l-l-c/,104,665,ok,7719000.0,3498.79,,8.0,58.8,24,2057,24
Imtiaz Real Estate Investment & Development L.L.C,imtiaz-real-estate-investment-and-development-l-l-c,https://datadubai.ae/developers/imtiaz-real-estate-investment-and-development-l-l-c/,1129,647,ok,880000.0,1647.1,11.4,-63.4,77.4,20,4333,12
Pantheon Elysee Real Estate Development L.L.C,pantheon-elysee-real-estate-development-l-l-c,https://datadubai.ae/developers/pantheon-elysee-real-estate-development-l-l-c/,1364,625,ok,813300.5,1784.72,5.6,11.8,96.2,7,2616,6
Sandy Shores Real Estate L.L.C S.O.C,sandy-shores-real-estate-l-l-c-s-o-c,https://datadubai.ae/developers/sandy-shores-real-estate-l-l-c-s-o-c/,2409,621,ok,3011500.0,3145.81,,,100.0,1,692,1
Townx Real Estate Development L.L.C,townx-real-estate-development-l-l-c,https://datadubai.ae/developers/townx-real-estate-development-l-l-c/,1213,591,ok,1245284.0,1547.0,4.5,24.9,55.2,6,2547,2
Mdn Real Estate L.L.C,mdn-real-estate-l-l-c,https://datadubai.ae/developers/mdn-real-estate-l-l-c/,995,578,ok,3600000.0,1699.41,24.4,29.3,27.2,15,3937,2
Avenew Real Estate Development L.L.C,avenew-real-estate-development-l-l-c,https://datadubai.ae/developers/avenew-real-estate-development-l-l-c/,1511,575,ok,1486000.0,1597.15,-45.2,228.6,99.8,7,1346,7
Obj1 Real Estate Development L.L.C,obj1-real-estate-development-l-l-c,https://datadubai.ae/developers/obj1-real-estate-development-l-l-c/,1894,571,ok,1026774.5,1548.54,4.7,-20.5,100.0,14,2241,14
Reef Luxury Development L.L.C,reef-luxury-development-l-l-c,https://datadubai.ae/developers/reef-luxury-development-l-l-c/,1944,563,ok,1100000.0,1582.65,5.4,223.6,100.0,6,1528,6
T F G Real Estate L.L.C,t-f-g-real-estate-l-l-c,https://datadubai.ae/developers/t-f-g-real-estate-l-l-c/,29,558,ok,850000.0,1103.0,0.7,-25.3,6.6,14,8359,0
S O L Properties Development L.L.C,s-o-l-properties-development-l-l-c,https://datadubai.ae/developers/s-o-l-properties-development-l-l-c/,999,554,ok,1466190.0,1849.37,-20.0,120.7,89.0,10,2370,5
Marquis Home Developer L.L.C,marquis-home-developer-l-l-c,https://datadubai.ae/developers/marquis-home-developer-l-l-c/,1546,547,ok,1138343.0,1638.11,33.2,2088.0,96.2,4,918,3
Wadan Real Estate Development L.L.C,wadan-real-estate-development-l-l-c,https://datadubai.ae/developers/wadan-real-estate-development-l-l-c/,2166,531,ok,1009860.0,1399.42,,,100.0,5,1012,5
Samana World Real Estate Development L.L.C,samana-world-real-estate-development-l-l-c,https://datadubai.ae/developers/samana-world-real-estate-development-l-l-c/,1933,483,ok,965155.0,1526.93,0.3,691.8,100.0,1,556,1
Mashriq Elite Real Estate Development L.L.C,mashriq-elite-real-estate-development-l-l-c,https://datadubai.ae/developers/mashriq-elite-real-estate-development-l-l-c/,1542,475,ok,1039000.0,1516.19,7.8,75.9,85.7,6,1090,5
Damac Properties Co (L.L.C),damac-properties-co-l-l-c,https://datadubai.ae/developers/damac-properties-co-l-l-c/,260,469,ok,822500.0,860.89,4.1,-30.5,0.0,27,6006,7
Jumeirah Hills Development L.L.C,jumeirah-hills-development-l-l-c,https://datadubai.ae/developers/jumeirah-hills-development-l-l-c/,1076,463,ok,3449500.0,2794.09,2.0,29.0,69.5,11,2902,4
Crestarc Developers L.L.C,crestarc-developers-l-l-c,https://datadubai.ae/developers/crestarc-developers-l-l-c/,2423,461,ok,3978828.0,3447.73,,,100.0,1,735,1
North Dubailand Projects L.L.C,north-dubailand-projects-l-l-c,https://datadubai.ae/developers/north-dubailand-projects-l-l-c/,1039,448,ok,3155000.0,1451.84,4.3,-67.7,26.1,20,6218,3
H M B Homes Real Estate Development,h-m-b-homes-real-estate-development,https://datadubai.ae/developers/h-m-b-homes-real-estate-development/,1220,440,ok,848985.5,1561.27,3.2,50.2,81.6,7,1632,4
Nshmi Development L.L.C,nshmi-development-l-l-c,https://datadubai.ae/developers/nshmi-development-l-l-c/,1063,419,ok,1300000.0,1264.57,11.8,-29.7,0.0,7,5323,0
Empire Crown Real Estate Development L.L.C,empire-crown-real-estate-development-l-l-c,https://datadubai.ae/developers/empire-crown-real-estate-development-l-l-c/,2046,414,ok,849777.0,1616.89,4.6,191.5,100.0,1,634,1
Park 1 L.L.C,park-1-l-l-c,https://datadubai.ae/developers/park-1-l-l-c/,1203,409,ok,2679777.0,2214.44,6.3,-63.7,74.8,7,4098,5
Ellington Sb Development L.L.C,ellington-sb-development-l-l-c,https://datadubai.ae/developers/ellington-sb-development-l-l-c/,2420,405,ok,1547828.0,1458.69,,,100.0,1,424,1
Lunaya Zaya Real Estate Development L.L.C S.O.C,lunaya-zaya-real-estate-development-l-l-c-s-o-c,https://datadubai.ae/developers/lunaya-zaya-real-estate-development-l-l-c-s-o-c/,2422,393,ok,6575000.0,2712.4,,,99.7,1,564,1
Dubai Investment Real Estate (L L C),dubai-investment-real-estate-l-l-c,https://datadubai.ae/developers/dubai-investment-real-estate-l-l-c/,278,392,ok,1130983.0,1045.48,-19.9,-24.8,34.4,7,4164,3
Majid Al Futtaim Tilal Al Ghaf Phase A L.L.C,majid-al-futtaim-tilal-al-ghaf-phase-a-l-l-c,https://datadubai.ae/developers/majid-al-futtaim-tilal-al-ghaf-phase-a-l-l-c/,1228,392,ok,6800000.0,2447.78,10.4,-18.3,5.4,9,2601,6
Samana Platinum Real Estate Development L.L.C,samana-platinum-real-estate-development-l-l-c,https://datadubai.ae/developers/samana-platinum-real-estate-development-l-l-c/,2072,387,ok,1079976.0,1495.73,,,100.0,6,1239,6
Damac Star Properties (L L C),damac-star-properties-l-l-c,https://datadubai.ae/developers/damac-star-properties-l-l-c/,907,385,ok,1400000.0,1437.43,-2.2,-23.0,0.0,12,4378,0
Holm Avenue Real Estate Development L.L.C,holm-avenue-real-estate-development-l-l-c,https://datadubai.ae/developers/holm-avenue-real-estate-development-l-l-c/,2428,370,ok,1102774.5,2421.38,,,100.0,2,428,2
Damac Development(L L C),damac-development-l-l-c,https://datadubai.ae/developers/damac-development-l-l-c/,192,365,ok,600000.0,1082.09,3.5,-33.0,0.0,29,4316,17
Al Habtoor City Real Estate Development (Br. Of Dubai National Investment Co L.L.C),al-habtoor-city-real-estate-development-br-of-dubai-national-investment-co-l-l-c,https://datadubai.ae/developers/al-habtoor-city-real-estate-development-br-of-dubai-national-investment-co-l-l-c/,1094,364,ok,3224555.5,2615.95,4.9,-49.4,78.0,3,3496,2
Dubai Islands L.L.C,dubai-islands-l-l-c,https://datadubai.ae/developers/dubai-islands-l-l-c/,105,356,ok,4230000.0,2592.38,12.1,-64.8,70.8,5,1790,5
Pinnacle Real Estate Developments L.L.C,pinnacle-real-estate-developments-l-l-c,https://datadubai.ae/developers/pinnacle-real-estate-developments-l-l-c/,1553,339,ok,2240360.0,3028.18,0.8,61.4,100.0,1,731,1
Dugasta Properties Development L.L.C,dugasta-properties-development-l-l-c,https://datadubai.ae/developers/dugasta-properties-development-l-l-c/,1157,333,ok,597396.0,1499.99,7.1,-30.2,99.4,8,1503,7
Cobia Real Estate Development L.L.C,cobia-real-estate-development-l-l-c,https://datadubai.ae/developers/cobia-real-estate-development-l-l-c/,2316,330,ok,2724500.0,2888.94,,,100.0,1,412,1
Arada Developments L.L.C S.O.C,arada-developments-l-l-c-s-o-c,https://datadubai.ae/developers/arada-developments-l-l-c-s-o-c/,1409,329,ok,6491875.0,4470.58,3.7,10.8,86.3,5,1511,5
Irth Urban Development L.L.C,irth-urban-development-l-l-c,https://datadubai.ae/developers/irth-urban-development-l-l-c/,2267,321,ok,3194016.0,,,,100.0,1,414,1
Aqua Properties Fz -Llc,aqua-properties-fz-llc,https://datadubai.ae/developers/aqua-properties-fz-llc/,1331,314,ok,1143388.0,1339.79,-1.0,-37.1,96.5,4,2209,3
Prescott Real Estate Development L.L.C,prescott-real-estate-development-l-l-c,https://datadubai.ae/developers/prescott-real-estate-development-l-l-c/,1207,314,ok,1180000.0,1650.32,12.1,-64.2,72.9,11,2281,6
Al Helal Al Zahaby Real Estate Development L.L.C,al-helal-al-zahaby-real-estate-development-l-l-c,https://datadubai.ae/developers/al-helal-al-zahaby-real-estate-development-l-l-c/,1124,307,ok,923293.0,1152.9,5.8,-3.2,87.0,10,1824,5
Rabdan Real Estate Development L.L.C,rabdan-real-estate-development-l-l-c,https://datadubai.ae/developers/rabdan-real-estate-development-l-l-c/,1533,306,ok,1040000.0,1320.2,-2.9,-48.3,97.4,4,1139,3
Zoya One Real Estate Developments L.L.C,zoya-one-real-estate-developments-l-l-c,https://datadubai.ae/developers/zoya-one-real-estate-developments-l-l-c/,1816,304,ok,705600.0,1506.31,16.0,607.0,100.0,6,729,6
Jge Real Estate L.L.C,jge-real-estate-l-l-c,https://datadubai.ae/developers/jge-real-estate-l-l-c/,2249,299,ok,12685000.0,,,,0.0,4,629,4
Remraam L.L.C,remraam-l-l-c,https://datadubai.ae/developers/remraam-l-l-c/,41,298,ok,780000.0,941.62,8.4,-50.6,0.0,3,5517,1
Metrical Real Estate Development L.L.C,metrical-real-estate-development-l-l-c,https://datadubai.ae/developers/metrical-real-estate-development-l-l-c/,1283,294,ok,1100000.0,1482.57,2.2,-26.5,76.9,10,1641,3
Sky Courts (L.L.C),sky-courts-l-l-c,https://datadubai.ae/developers/sky-courts-l-l-c/,547,286,ok,621471.5,715.06,10.0,-32.9,0.0,1,2859,0
Citi Developers Real Estate Development L.L.C,citi-developers-real-estate-development-l-l-c,https://datadubai.ae/developers/citi-developers-real-estate-development-l-l-c/,1610,285,ok,1546719.0,1569.37,13.7,15.9,100.0,5,719,5
Ellington Karma Developers L.L.C,ellington-karma-developers-l-l-c,https://datadubai.ae/developers/ellington-karma-developers-l-l-c/,1986,282,ok,1675828.0,1594.02,0.4,-32.9,100.0,1,743,1
Saas Properties L.L.C - Dubai Branch,saas-properties-l-l-c-dubai-branch,https://datadubai.ae/developers/saas-properties-l-l-c-dubai-branch/,1360,282,ok,1725148.0,1772.02,1.6,65.9,100.0,1,859,1
Tameer Holding Investment   (Llc),tameer-holding-investment-llc,https://datadubai.ae/developers/tameer-holding-investment-llc/,99,277,ok,1480000.0,1166.13,-11.7,-28.1,0.0,10,3327,3
Estate Grand Real Estate Development L.L.C,estate-grand-real-estate-development-l-l-c,https://datadubai.ae/developers/estate-grand-real-estate-development-l-l-c/,1720,268,ok,6601000.0,4727.49,,8833.3,100.0,1,552,1
Meraki Real Estate Development L.L.C,meraki-real-estate-development-l-l-c,https://datadubai.ae/developers/meraki-real-estate-development-l-l-c/,1230,263,ok,1060114.0,1300.0,7.4,-7.7,45.2,5,1161,3
Imtiaz Gi Real Estate Development L.L.C,imtiaz-gi-real-estate-development-l-l-c,https://datadubai.ae/developers/imtiaz-gi-real-estate-development-l-l-c/,2323,260,ok,2371714.5,2322.75,-1.4,1900.0,100.0,2,311,2
Amer Alghurair Real Estate Development Co. L.L.C,amer-alghurair-real-estate-development-co-l-l-c,https://datadubai.ae/developers/amer-alghurair-real-estate-development-co-l-l-c/,1456,257,ok,699258.5,1405.34,38.1,242.7,75.5,2,1483,2
Green Properties Development Co. L.L.C,green-properties-development-co-l-l-c,https://datadubai.ae/developers/green-properties-development-co-l-l-c/,1198,253,ok,1373350.0,1633.4,2.3,-42.5,66.8,4,1084,2
Tabeer Real Estate Development L.L.C,tabeer-real-estate-development-l-l-c,https://datadubai.ae/developers/tabeer-real-estate-development-l-l-c/,1062,253,ok,1089000.0,1378.76,6.8,9.5,83.8,6,900,3
Suncrest Hills Property L.L.C,suncrest-hills-property-l-l-c,https://datadubai.ae/developers/suncrest-hills-property-l-l-c/,1882,252,ok,711060.0,1469.03,,,100.0,1,350,1
District One - Fz,district-one-fz,https://datadubai.ae/developers/district-one-fz/,956,251,ok,2699685.0,2018.38,-8.5,-29.3,6.4,37,3065,1
Gulf General Investments Co. (P.S.C),gulf-general-investments-co-p-s-c,https://datadubai.ae/developers/gulf-general-investments-co-p-s-c/,285,250,ok,725000.0,764.09,4.1,-20.9,0.0,24,3330,4
Alfurjan ( L.L.C ),alfurjan-l-l-c,https://datadubai.ae/developers/alfurjan-l-l-c/,121,249,ok,6000000.0,,,-49.9,0.0,8,2771,0
Time Properties,time-properties,https://datadubai.ae/developers/time-properties/,527,248,ok,580000.0,1041.86,7.2,-55.2,17.3,11,3055,5
Imtiaz Luxury Real Estate Development L.L.C,imtiaz-luxury-real-estate-development-l-l-c,https://datadubai.ae/developers/imtiaz-luxury-real-estate-development-l-l-c/,2259,245,ok,1349295.0,1729.53,,,100.0,2,381,2
Vincitore Premium Real Estate Development L.L.C,vincitore-premium-real-estate-development-l-l-c,https://datadubai.ae/developers/vincitore-premium-real-estate-development-l-l-c/,1473,245,ok,1220100.0,1715.2,10.0,51.2,100.0,3,2605,3
Imtiaz Symphony Development L.L.C,imtiaz-symphony-development-l-l-c,https://datadubai.ae/developers/imtiaz-symphony-development-l-l-c/,2537,242,ok,2124767.0,2445.84,,,100.0,1,369,1
The Palm - Jumeirah Co. (L.L.C),the-palm-jumeirah-co-l-l-c,https://datadubai.ae/developers/the-palm-jumeirah-co-l-l-c/,103,240,ok,3850000.0,2777.98,8.9,-27.7,27.1,12,3106,5
Amaal Emirates L.L.C,amaal-emirates-l-l-c,https://datadubai.ae/developers/amaal-emirates-l-l-c/,1734,239,ok,2227888.0,2202.39,11.4,624.2,100.0,1,533,1
Boujee Real Estate Development L.L.C,boujee-real-estate-development-l-l-c,https://datadubai.ae/developers/boujee-real-estate-development-l-l-c/,1742,239,ok,1287000.0,1718.47,,,100.0,1,285,1
Expo City Valley Apartments Fzco,expo-city-valley-apartments-fzco,https://datadubai.ae/developers/expo-city-valley-apartments-fzco/,2421,237,ok,2572000.0,1925.22,,,100.0,1,816,1
Tarrad Development L.L.C,tarrad-development-l-l-c,https://datadubai.ae/developers/tarrad-development-l-l-c/,1921,234,ok,680000.0,1471.83,-27.6,766.7,100.0,4,780,4
Ayat Real Estate Development L.L.C,ayat-real-estate-development-l-l-c,https://datadubai.ae/developers/ayat-real-estate-development-l-l-c/,2182,230,ok,532100.0,1379.45,-41.5,521.6,100.0,2,470,2
Beyond 1 Real Estate Development L.L.C,beyond-1-real-estate-development-l-l-c,https://datadubai.ae/developers/beyond-1-real-estate-development-l-l-c/,2324,228,ok,3884000.0,3772.9,,,100.0,1,517,1
Tfg S C Development L.L.C,tfg-s-c-development-l-l-c,https://datadubai.ae/developers/tfg-s-c-development-l-l-c/,2084,226,ok,1015000.0,,,-25.4,100.0,1,513,1
Prestige Luxe Real Estate Development L.L.C,prestige-luxe-real-estate-development-l-l-c,https://datadubai.ae/developers/prestige-luxe-real-estate-development-l-l-c/,2257,225,ok,1200378.0,1830.04,,22400.0,100.0,2,461,2
Imtiaz Ghd Real Estate Development L.L.C,imtiaz-ghd-real-estate-development-l-l-c,https://datadubai.ae/developers/imtiaz-ghd-real-estate-development-l-l-c/,1641,224,ok,2569086.0,2425.08,19.4,-15.2,98.2,6,716,4
B N H Real Estate Developer,b-n-h-real-estate-developer,https://datadubai.ae/developers/b-n-h-real-estate-developer/,1219,220,ok,949956.5,1128.42,-7.9,-57.6,65.0,7,1115,2
Qube Development L.L.C,qube-development-l-l-c,https://datadubai.ae/developers/qube-development-l-l-c/,1692,216,ok,1127980.0,1572.56,0.5,31.7,98.6,3,593,2
Laya Developers L.L.C,laya-developers-l-l-c,https://datadubai.ae/developers/laya-developers-l-l-c/,1138,216,ok,1020729.0,1470.04,2.2,10.8,52.8,4,1088,1
Aurora Spv 1 L.L.C,aurora-spv-1-l-l-c,https://datadubai.ae/developers/aurora-spv-1-l-l-c/,1658,214,ok,3112500.0,1473.87,3.4,-84.5,79.0,5,2275,5
Peninsula Elit Real Estate Development L.L.C S.O.C,peninsula-elit-real-estate-development-l-l-c-s-o-c,https://datadubai.ae/developers/peninsula-elit-real-estate-development-l-l-c-s-o-c/,2551,213,ok,1299000.0,1733.47,,,100.0,1,284,1
Bam Eskan Real Estate Development L.L.C,bam-eskan-real-estate-development-l-l-c,https://datadubai.ae/developers/bam-eskan-real-estate-development-l-l-c/,1776,210,ok,1169980.5,1386.3,-1.7,950.0,100.0,1,399,1
Aurora Spv 2 L.L.C,aurora-spv-2-l-l-c,https://datadubai.ae/developers/aurora-spv-2-l-l-c/,1656,210,ok,5026100.0,1805.11,,-73.5,49.5,4,1688,4
Palma Homes Real Estate Development L.L.C,palma-homes-real-estate-development-l-l-c,https://datadubai.ae/developers/palma-homes-real-estate-development-l-l-c/,1068,210,ok,2850000.0,2565.14,-2.0,-46.0,84.3,4,1705,2
Desert Falcon Real Estate Development L.L.C,desert-falcon-real-estate-development-l-l-c,https://datadubai.ae/developers/desert-falcon-real-estate-development-l-l-c/,1259,209,ok,1322864.0,1673.13,,,100.0,3,810,2
National Properties Owned By National Bonds Corporation Sole Proprietorship Psc Sole Proprietorship L.L.C,national-properties-owned-by-national-bonds-corporation-sole-proprietorship-psc-sole-proprietorship-l-l-c,https://datadubai.ae/developers/national-properties-owned-by-national-bonds-corporation-sole-proprietorship-psc-sole-proprietorship-l-l-c/,1149,209,ok,1340902.0,900.0,-49.6,25.1,21.5,4,731,1
Al Mazaya Real Estate Fz-Llc,al-mazaya-real-estate-fz-llc,https://datadubai.ae/developers/al-mazaya-real-estate-fz-llc/,903,209,ok,595000.0,739.35,9.2,-20.2,0.0,33,2699,0
Manarola Real Estate Developments L.L.C,manarola-real-estate-developments-l-l-c,https://datadubai.ae/developers/manarola-real-estate-developments-l-l-c/,2264,208,ok,3787000.0,3039.79,-2.8,73.3,100.0,1,354,1
Gfh Real Estate L.L.C,gfh-real-estate-l-l-c,https://datadubai.ae/developers/gfh-real-estate-l-l-c/,1199,208,ok,1643317.0,1436.26,9.4,617.2,98.6,2,584,2
Takaya Real Estate Development L.L.C,takaya-real-estate-development-l-l-c,https://datadubai.ae/developers/takaya-real-estate-development-l-l-c/,1923,207,ok,1691426.0,1799.15,13.8,-20.4,100.0,1,822,1
Pashaone Real Estate Development L.L.C,pashaone-real-estate-development-l-l-c,https://datadubai.ae/developers/pashaone-real-estate-development-l-l-c/,2094,206,ok,1009800.5,1449.76,,,100.0,1,530,1
Fakhruddin Properties Development L.L.C,fakhruddin-properties-development-l-l-c,https://datadubai.ae/developers/fakhruddin-properties-development-l-l-c/,1415,205,ok,1300000.0,1833.27,-1.4,2.5,100.0,6,1794,6
Gulf Land Property Developers L.L.C,gulf-land-property-developers-l-l-c,https://datadubai.ae/developers/gulf-land-property-developers-l-l-c/,987,199,ok,2580604.0,2500.0,0.0,121.1,87.4,3,1126,2
A D E Properties L.L.C,a-d-e-properties-l-l-c,https://datadubai.ae/developers/a-d-e-properties-l-l-c/,1551,196,ok,736000.0,1564.24,5.4,-8.8,96.9,3,597,2
Seven Tides Real Estate Development L.L.C,seven-tides-real-estate-development-l-l-c,https://datadubai.ae/developers/seven-tides-real-estate-development-l-l-c/,1179,194,ok,985000.0,1348.17,-15.2,-49.9,60.8,2,3790,1
The Waves Fz-Llc,the-waves-fz-llc,https://datadubai.ae/developers/the-waves-fz-llc/,920,192,ok,405500.0,1042.65,11.2,-30.7,0.0,1,1967,0
Vincitore Elite Real Estate Development L.L.C,vincitore-elite-real-estate-development-l-l-c,https://datadubai.ae/developers/vincitore-elite-real-estate-development-l-l-c/,1729,187,ok,1219000.0,1627.16,0.7,-61.4,100.0,1,987,1
Vision Platinum Real Estate Development L.L.C,vision-platinum-real-estate-development-l-l-c,https://datadubai.ae/developers/vision-platinum-real-estate-development-l-l-c/,1823,187,ok,978000.0,1198.1,17.9,-20.8,81.3,3,389,1
Meydan Group (L.L.C),meydan-group-l-l-c,https://datadubai.ae/developers/meydan-group-l-l-c/,1181,187,ok,6409745.0,2923.54,8.3,-71.8,0.0,6,1496,2
Eden Hills L.L.C,eden-hills-l-l-c,https://datadubai.ae/developers/eden-hills-l-l-c/,1498,184,ok,22150000.0,,,,0.0,1,279,1
Empire Real Estate Developments L.L.C,empire-real-estate-developments-l-l-c,https://datadubai.ae/developers/empire-real-estate-developments-l-l-c/,1794,181,ok,1110000.0,1698.9,3.2,-32.0,100.0,2,554,2
Takmeel Real Estate Development L.L.C,takmeel-real-estate-development-l-l-c,https://datadubai.ae/developers/takmeel-real-estate-development-l-l-c/,1520,180,ok,1099490.0,1379.75,30.6,140.0,81.1,4,568,2
One International Real Estate Development L.L.C,one-international-real-estate-development-l-l-c,https://datadubai.ae/developers/one-international-real-estate-development-l-l-c/,2045,179,ok,826000.0,1667.96,4.4,17.0,100.0,2,1748,2
Damac Canal One Property Development L.L.C,damac-canal-one-property-development-l-l-c,https://datadubai.ae/developers/damac-canal-one-property-development-l-l-c/,1119,177,ok,1200000.0,1774.77,-10.4,-27.2,36.7,2,2531,1
A M E Real Estate Development L.L.C,a-m-e-real-estate-development-l-l-c,https://datadubai.ae/developers/a-m-e-real-estate-development-l-l-c/,2107,176,ok,1250280.5,1268.23,4.1,388.9,93.2,2,238,1
Arabian Gulf Properties,arabian-gulf-properties,https://datadubai.ae/developers/arabian-gulf-properties/,1013,175,ok,1086723.0,1110.73,2.5,-43.4,63.4,12,1274,6
Vincitore Luxury Real Estate Development L.L.C,vincitore-luxury-real-estate-development-l-l-c,https://datadubai.ae/developers/vincitore-luxury-real-estate-development-l-l-c/,1949,173,ok,1343000.0,1772.3,2.3,-20.6,100.0,1,546,1
Devan Real Estate Development L.L.C,devan-real-estate-development-l-l-c,https://datadubai.ae/developers/devan-real-estate-development-l-l-c/,2114,171,ok,798702.0,1085.07,,,100.0,1,280,1
G&Co Real Estate Development Llc - Fz,g-and-co-real-estate-development-llc-fz,https://datadubai.ae/developers/g-and-co-real-estate-development-llc-fz/,946,169,ok,4050000.0,1709.63,5.3,-24.9,0.6,3,1699,0
International City ( L.L.C ),international-city-l-l-c,https://datadubai.ae/developers/international-city-l-l-c/,122,167,ok,440000.0,640.6,4.7,-22.3,0.0,7,2534,3
Samana Star Real Estate Development L.L.C,samana-star-real-estate-development-l-l-c,https://datadubai.ae/developers/samana-star-real-estate-development-l-l-c/,1688,166,ok,1860833.0,1749.05,9.5,-47.8,100.0,8,906,8
Oro24 Real Estate Development L.L.C,oro24-real-estate-development-l-l-c,https://datadubai.ae/developers/oro24-real-estate-development-l-l-c/,1369,160,ok,750000.0,1592.55,17.8,34.5,29.4,5,2443,4
Al Maskan Al Hadeeth Real Estate Developmant L.L.C,al-maskan-al-hadeeth-real-estate-developmant-l-l-c,https://datadubai.ae/developers/al-maskan-al-hadeeth-real-estate-developmant-l-l-c/,1190,159,ok,720000.0,895.77,-23.2,287.8,0.0,1,203,0
Abou Eid Real Estate Development L.L.C,abou-eid-real-estate-development-l-l-c,https://datadubai.ae/developers/abou-eid-real-estate-development-l-l-c/,1363,159,ok,973225.0,1258.47,-6.7,318.4,94.3,4,566,2
Dawn Real Estate Development L.L.C,dawn-real-estate-development-l-l-c,https://datadubai.ae/developers/dawn-real-estate-development-l-l-c/,1500,158,ok,1700000.0,1106.38,13.6,777.8,93.0,1,652,1
Mag 10 Property Development Dmcc,mag-10-property-development-dmcc,https://datadubai.ae/developers/mag-10-property-development-dmcc/,2159,152,ok,1530319.0,2303.43,2.2,105.4,100.0,1,463,1
Centurion Capital One Properties L.L.C,centurion-capital-one-properties-l-l-c,https://datadubai.ae/developers/centurion-capital-one-properties-l-l-c/,2213,152,ok,3991650.0,,,794.1,100.0,1,296,1
Aura Infinite Real Estate Development L.L.C,aura-infinite-real-estate-development-l-l-c,https://datadubai.ae/developers/aura-infinite-real-estate-development-l-l-c/,1676,150,ok,1516098.0,1248.7,19.0,57.9,80.0,4,314,2
Triplanet International (Fzc),triplanet-international-fzc,https://datadubai.ae/developers/triplanet-international-fzc/,205,150,ok,480000.0,922.32,8.3,-21.1,0.0,7,1942,0
Sunrise Capital Real Estate Development L.L.C,sunrise-capital-real-estate-development-l-l-c,https://datadubai.ae/developers/sunrise-capital-real-estate-development-l-l-c/,1481,149,ok,1154300.0,1406.68,0.1,152.5,94.6,2,407,1
Majid Developments L.L.C,majid-developments-l-l-c,https://datadubai.ae/developers/majid-developments-l-l-c/,1655,149,ok,724914.0,1578.3,-19.6,136.5,100.0,3,333,3
Al Mazaya Holding Company,al-mazaya-holding-company,https://datadubai.ae/developers/al-mazaya-holding-company/,784,149,ok,2243433.0,716.63,8.1,-44.0,0.0,23,1505,15
Key Mavens Montage Real Estate Development L.L.C,key-mavens-montage-real-estate-development-l-l-c,https://datadubai.ae/developers/key-mavens-montage-real-estate-development-l-l-c/,1771,148,ok,1325357.5,1868.01,1.2,54.2,100.0,1,251,1
H & H Development L.L.C,h-and-h-development-l-l-c,https://datadubai.ae/developers/h-and-h-development-l-l-c/,1751,147,ok,7401243.0,3976.09,-1.3,-34.1,87.1,2,566,1
Abwab Real Estate Limited Co (L.L.C),abwab-real-estate-limited-co-l-l-c,https://datadubai.ae/developers/abwab-real-estate-limited-co-l-l-c/,670,146,ok,2343265.0,1738.23,-2.9,97.3,0.0,5,525,1
Jad Global Real Estate Development L.L.C,jad-global-real-estate-development-l-l-c,https://datadubai.ae/developers/jad-global-real-estate-development-l-l-c/,1901,146,ok,1296566.5,1880.5,1.6,24.8,100.0,3,511,3
A Y S Property Development,a-y-s-property-development,https://datadubai.ae/developers/a-y-s-property-development/,1269,146,ok,806429.0,1183.85,7.0,7.4,89.7,5,913,4
Enso Development L.L.C,enso-development-l-l-c,https://datadubai.ae/developers/enso-development-l-l-c/,1801,143,ok,1623250.0,2153.39,-5.1,2760.0,100.0,2,176,2
Bloom Heights Properties L.L.C,bloom-heights-properties-l-l-c,https://datadubai.ae/developers/bloom-heights-properties-l-l-c/,1151,143,ok,918000.0,1443.93,5.8,-26.3,0.0,2,1636,0
Grid Viv Real Estate Development L.L.C,grid-viv-real-estate-development-l-l-c,https://datadubai.ae/developers/grid-viv-real-estate-development-l-l-c/,2634,142,ok,693000.0,1767.13,,,100.0,1,286,1
Tomorrow World Real Estate Development L.L.C,tomorrow-world-real-estate-development-l-l-c,https://datadubai.ae/developers/tomorrow-world-real-estate-development-l-l-c/,1977,142,ok,1936983.5,2092.98,,7000.0,100.0,3,307,3
Alseeb Real Estate Development L.L.C,alseeb-real-estate-development-l-l-c,https://datadubai.ae/developers/alseeb-real-estate-development-l-l-c/,1014,141,ok,1541550.5,1981.39,5.6,-39.0,53.9,8,1040,3
Al Khail Heights L.L.C,al-khail-heights-l-l-c,https://datadubai.ae/developers/al-khail-heights-l-l-c/,1008,137,ok,960000.0,884.4,12.7,-25.1,0.0,1,392,0
Prestige The Boulevard Real Estate Development L.L.C,prestige-the-boulevard-real-estate-development-l-l-c,https://datadubai.ae/developers/prestige-the-boulevard-real-estate-development-l-l-c/,2083,137,ok,698400.0,1384.86,-0.9,-42.2,100.0,1,387,1
Jumeirah Golf Estates L.L.C,jumeirah-golf-estates-l-l-c,https://datadubai.ae/developers/jumeirah-golf-estates-l-l-c/,108,137,ok,2575000.0,1517.06,10.1,-31.5,0.0,11,1004,0
Pdlm Residential L.L.C,pdlm-residential-l-l-c,https://datadubai.ae/developers/pdlm-residential-l-l-c/,1253,137,ok,2500000.0,2915.37,-0.1,-41.2,4.4,7,1516,0
P C I Real Estate Developers L.L.C,p-c-i-real-estate-developers-l-l-c,https://datadubai.ae/developers/p-c-i-real-estate-developers-l-l-c/,1397,136,ok,630000.0,1247.14,8.5,216.3,94.9,3,327,2
Namaa Properties Development L.L.C,namaa-properties-development-l-l-c,https://datadubai.ae/developers/namaa-properties-development-l-l-c/,965,136,ok,1075000.0,2201.15,-0.9,-28.0,0.0,2,1855,0
Imtiaz Ug Real Estate Development L.L.C,imtiaz-ug-real-estate-development-l-l-c,https://datadubai.ae/developers/imtiaz-ug-real-estate-development-l-l-c/,2212,136,ok,2689757.5,2329.96,-5.3,369.0,100.0,2,190,2
Peace Homes Real Estate L.L.C,peace-homes-real-estate-l-l-c,https://datadubai.ae/developers/peace-homes-real-estate-l-l-c/,1983,135,ok,765106.0,1526.06,-39.5,2150.0,100.0,2,615,2
The Developer Properties L.L.C,the-developer-properties-l-l-c,https://datadubai.ae/developers/the-developer-properties-l-l-c/,974,135,ok,900000.0,,,-50.2,0.0,3,1836,0
Ginco Properties L.L.C,ginco-properties-l-l-c,https://datadubai.ae/developers/ginco-properties-l-l-c/,1485,133,ok,1600000.0,2709.79,-0.1,-63.5,75.9,4,922,2
Range 4 Developments L.L.C,range-4-developments-l-l-c,https://datadubai.ae/developers/range-4-developments-l-l-c/,1046,130,ok,692500.0,1091.45,9.7,31.3,0.0,2,1340,0
Mirdad Real Estate Development L.L.C,mirdad-real-estate-development-l-l-c,https://datadubai.ae/developers/mirdad-real-estate-development-l-l-c/,2342,129,ok,1437514.0,1880.55,,,100.0,1,1114,1
Zimaya Properties L.L.C,zimaya-properties-l-l-c,https://datadubai.ae/developers/zimaya-properties-l-l-c/,1718,128,ok,1545725.0,1323.0,3.9,-37.9,100.0,4,560,4
Azure Horizon Real Estate Developments L.L.C,azure-horizon-real-estate-developments-l-l-c,https://datadubai.ae/developers/azure-horizon-real-estate-developments-l-l-c/,2493,127,ok,23171000.0,,,,100.0,1,186,1
S And S Real Estate Development L.L.C,s-and-s-real-estate-development-l-l-c,https://datadubai.ae/developers/s-and-s-real-estate-development-l-l-c/,1615,127,ok,979899.0,1554.38,-12.5,69.3,74.8,2,356,1
Jumeirah Park (L.L.C),jumeirah-park-l-l-c,https://datadubai.ae/developers/jumeirah-park-l-l-c/,880,127,ok,8650000.0,,,-25.3,0.0,6,806,1
Anax Developments L.L.C,anax-developments-l-l-c,https://datadubai.ae/developers/anax-developments-l-l-c/,1455,127,ok,2949277.0,3153.05,128.6,54.9,100.0,4,523,4
Al Fajer Properties (L. L. C),al-fajer-properties-l-l-c,https://datadubai.ae/developers/al-fajer-properties-l-l-c/,3,127,ok,3500425.0,,,-15.9,0.0,9,1430,4
Skyline Builders Real Estate L.L.C,skyline-builders-real-estate-l-l-c,https://datadubai.ae/developers/skyline-builders-real-estate-l-l-c/,1603,124,ok,1141181.5,1459.99,12.8,65.3,100.0,2,398,1
Alyakka Developers L.L.C,alyakka-developers-l-l-c,https://datadubai.ae/developers/alyakka-developers-l-l-c/,2237,124,ok,1059170.0,1676.44,-25.6,416.7,94.4,3,520,2
Igo Property Development L.L.C - Fz,igo-property-development-l-l-c-fz,https://datadubai.ae/developers/igo-property-development-l-l-c-fz/,992,123,ok,2450000.0,1544.95,8.2,-3.1,0.0,2,844,0
Srg Real Estate Developer L.L.C,srg-real-estate-developer-l-l-c,https://datadubai.ae/developers/srg-real-estate-developer-l-l-c/,1104,123,ok,1209444.0,2388.99,-12.7,-32.4,25.2,3,1127,1
Acw Holding Ltd,acw-holding-ltd,https://datadubai.ae/developers/acw-holding-ltd/,414,121,ok,460000.0,890.3,-0.6,-21.4,0.0,5,1169,1
Barari Three Real Estate Development L.L.C,barari-three-real-estate-development-l-l-c,https://datadubai.ae/developers/barari-three-real-estate-development-l-l-c/,1740,119,ok,5648534.5,2943.53,,,100.0,1,286,1
Sola Residences Real Estate Development L.L.C,sola-residences-real-estate-development-l-l-c,https://datadubai.ae/developers/sola-residences-real-estate-development-l-l-c/,2135,118,ok,1322905.0,1361.18,4.9,0.0,100.0,1,260,1
Diamond  Developers Co.Limited,diamond-developers-co-limited,https://datadubai.ae/developers/diamond-developers-co-limited/,6,118,ok,692500.0,993.93,8.8,-1.7,0.0,12,1153,0
Tfg International Real Estate Development L.L.C,tfg-international-real-estate-development-l-l-c,https://datadubai.ae/developers/tfg-international-real-estate-development-l-l-c/,1670,117,ok,1075000.0,,,-21.5,100.0,1,478,1
Damac World Real Estate L.L.C,damac-world-real-estate-l-l-c,https://datadubai.ae/developers/damac-world-real-estate-l-l-c/,1095,116,ok,1100000.0,1808.71,-10.5,-39.3,0.0,3,1711,0
Mag Eye Real Estate Development - Fz,mag-eye-real-estate-development-fz,https://datadubai.ae/developers/mag-eye-real-estate-development-fz/,1225,115,ok,1265000.0,1850.33,4.0,-60.1,0.0,1,128,0
Titans Real Estate Developers L.L.C,titans-real-estate-developers-l-l-c,https://datadubai.ae/developers/titans-real-estate-developers-l-l-c/,1096,115,ok,642000.0,975.84,1.8,22.3,0.0,1,531,0
Pure Bliss Development L.L.C,pure-bliss-development-l-l-c,https://datadubai.ae/developers/pure-bliss-development-l-l-c/,2180,115,ok,1072518.0,1239.14,,,100.0,1,131,1
Al Madar Investment (L.L.C),al-madar-investment-l-l-c,https://datadubai.ae/developers/al-madar-investment-l-l-c/,79,115,ok,853000.0,1230.06,-2.0,-50.2,0.0,7,1011,4
Beyond Vespera Real Estate Development L.L.C,beyond-vespera-real-estate-development-l-l-c,https://datadubai.ae/developers/beyond-vespera-real-estate-development-l-l-c/,2416,113,ok,10503000.0,,,,100.0,1,118,1
Business Bay (L.L.C),business-bay-l-l-c,https://datadubai.ae/developers/business-bay-l-l-c/,898,112,ok,4354981.5,1518.02,8.8,-11.1,0.0,1,1035,0
Imtiaz South Real Estate Development L.L.C,imtiaz-south-real-estate-development-l-l-c,https://datadubai.ae/developers/imtiaz-south-real-estate-development-l-l-c/,2579,112,ok,1355687.5,1556.0,,,100.0,1,170,1
Dar Global Luxury Property Development L.L.C S.O.C,dar-global-luxury-property-development-l-l-c-s-o-c,https://datadubai.ae/developers/dar-global-luxury-property-development-l-l-c-s-o-c/,2305,111,ok,3814498.0,3689.16,2.1,-58.3,100.0,1,574,1
Art Of Amber Real Estate Development L.L.C,art-of-amber-real-estate-development-l-l-c,https://datadubai.ae/developers/art-of-amber-real-estate-development-l-l-c/,2301,111,ok,857550.0,1059.96,,,100.0,1,267,1
Digo Real Estate Development (Br Of Invest Group Overseas (L L C) ),digo-real-estate-development-br-of-invest-group-overseas-l-l-c,https://datadubai.ae/developers/digo-real-estate-development-br-of-invest-group-overseas-l-l-c/,1328,107,ok,1808896.5,2233.98,-14.4,-74.6,86.9,8,1445,5
Seasons Development Limited,seasons-development-limited,https://datadubai.ae/developers/seasons-development-limited/,50,107,ok,845000.0,889.51,1.9,-21.3,0.0,2,366,0
Al Aryam Phase One L.L.C,al-aryam-phase-one-l-l-c,https://datadubai.ae/developers/al-aryam-phase-one-l-l-c/,945,106,ok,3555000.0,1294.09,8.9,-25.4,0.0,5,1899,0
Mag 5 Property Development L.L.C,mag-5-property-development-l-l-c,https://datadubai.ae/developers/mag-5-property-development-l-l-c/,1079,105,ok,650000.0,1115.06,9.9,-40.3,0.0,2,1452,1
Asak Real Estate Development L.L.C,asak-real-estate-development-l-l-c,https://datadubai.ae/developers/asak-real-estate-development-l-l-c/,1888,105,ok,863289.0,1447.89,-1.0,15.4,84.8,2,210,1
Dubai Sports City (L. L. C),dubai-sports-city-l-l-c,https://datadubai.ae/developers/dubai-sports-city-l-l-c/,200,105,ok,810000.0,934.47,9.2,-34.0,0.0,8,1151,1
Prestige The Parkway Real Estate Development L.L.C,prestige-the-parkway-real-estate-development-l-l-c,https://datadubai.ae/developers/prestige-the-parkway-real-estate-development-l-l-c/,2020,103,ok,1702260.0,1932.0,0.0,-33.5,100.0,1,274,1
Empire Gardens Real Estate Development L.L.C,empire-gardens-real-estate-development-l-l-c,https://datadubai.ae/developers/empire-gardens-real-estate-development-l-l-c/,2542,102,ok,1222277.0,1627.55,,,100.0,1,221,1
Deca Real Estate Development L.L.C,deca-real-estate-development-l-l-c,https://datadubai.ae/developers/deca-real-estate-development-l-l-c/,2149,102,ok,780940.5,1889.62,,,100.0,1,167,1
Grovy Homes Real Estate Development L.L.C,grovy-homes-real-estate-development-l-l-c,https://datadubai.ae/developers/grovy-homes-real-estate-development-l-l-c/,1429,102,ok,1032440.0,1249.35,-23.3,1940.0,82.4,3,352,2
Samana Premium Real Estate Development L.L.C,samana-premium-real-estate-development-l-l-c,https://datadubai.ae/developers/samana-premium-real-estate-development-l-l-c/,2071,102,ok,1199205.5,1683.12,,,100.0,2,523,2
City View Urban Real Estate Development L.L.C,city-view-urban-real-estate-development-l-l-c,https://datadubai.ae/developers/city-view-urban-real-estate-development-l-l-c/,2370,101,ok,1249143.0,2044.37,,,100.0,1,413,1
Karma D S C Developers L.L.C,karma-d-s-c-developers-l-l-c,https://datadubai.ae/developers/karma-d-s-c-developers-l-l-c/,2271,101,ok,1168976.0,1495.43,,10000.0,100.0,1,192,1
Liv Island Real Estate Development L.L.C,liv-island-real-estate-development-l-l-c,https://datadubai.ae/developers/liv-island-real-estate-development-l-l-c/,2523,101,ok,3959548.0,3155.74,,,100.0,1,118,1
Nabni Real Estate Development L.L.C,nabni-real-estate-development-l-l-c,https://datadubai.ae/developers/nabni-real-estate-development-l-l-c/,951,101,ok,1799968.5,1503.71,3.6,-30.3,52.5,8,790,5
Al Qudra Estates L.L.C,al-qudra-estates-l-l-c,https://datadubai.ae/developers/al-qudra-estates-l-l-c/,1270,100,ok,5700000.0,1677.51,12.1,6.4,18.0,3,828,1
Aum 99 Home Real Estate Developments L.L.C,aum-99-home-real-estate-developments-l-l-c,https://datadubai.ae/developers/aum-99-home-real-estate-developments-l-l-c/,2250,99,ok,526355.0,1525.0,,,100.0,1,186,1
Tanmiyat Global Real Estate Development   L L C,tanmiyat-global-real-estate-development-l-l-c,https://datadubai.ae/developers/tanmiyat-global-real-estate-development-l-l-c/,905,99,ok,4197176.0,946.47,11.8,-28.8,7.1,7,1301,2
Dutco Ellington Canal Front Real Estate L.L.C,dutco-ellington-canal-front-real-estate-l-l-c,https://datadubai.ae/developers/dutco-ellington-canal-front-real-estate-l-l-c/,1647,98,ok,3662828.0,2641.84,-0.3,16.7,100.0,1,298,1
Rs Realty Fz - L.L.C,rs-realty-fz-l-l-c,https://datadubai.ae/developers/rs-realty-fz-l-l-c/,973,97,ok,453630.0,733.59,1.4,203.1,0.0,1,406,0
Kasco Real Estate Development L.L.C,kasco-real-estate-development-l-l-c,https://datadubai.ae/developers/kasco-real-estate-development-l-l-c/,1764,97,ok,2262399.0,1856.78,-6.4,-74.7,85.6,3,557,2
Eta Star Property Developers L.L.C,eta-star-property-developers-l-l-c,https://datadubai.ae/developers/eta-star-property-developers-l-l-c/,26,97,ok,1157159.5,908.35,7.8,-33.1,0.0,11,1680,5
Al Aryam Phase Two L.L.C,al-aryam-phase-two-l-l-c,https://datadubai.ae/developers/al-aryam-phase-two-l-l-c/,994,97,ok,3350000.0,1109.71,10.1,-57.3,0.0,3,1394,0
Mag Property Development L.L.C,mag-property-development-l-l-c,https://datadubai.ae/developers/mag-property-development-l-l-c/,1164,96,ok,1119470.0,1337.09,-4.7,-45.1,52.1,3,1104,1
Adel Mohammad Saleh Ali Naqi Al Zarooni,adel-mohammad-saleh-ali-naqi-al-zarooni,https://datadubai.ae/developers/adel-mohammad-saleh-ali-naqi-al-zarooni/,720,95,ok,861300.0,945.38,-9.5,352.4,0.0,1,119,0
True Future Real Estate Development L.L.C,true-future-real-estate-development-l-l-c,https://datadubai.ae/developers/true-future-real-estate-development-l-l-c/,1926,95,ok,1495174.0,1930.07,31.7,86.3,100.0,2,240,2
Emirates National Investment Co (L.L.C),emirates-national-investment-co-l-l-c,https://datadubai.ae/developers/emirates-national-investment-co-l-l-c/,232,94,ok,1562113.0,1494.6,12.0,-21.7,0.0,2,1313,0
Blue Waters Residential L.L.C,blue-waters-residential-l-l-c,https://datadubai.ae/developers/blue-waters-residential-l-l-c/,1152,94,ok,5812500.0,3656.31,1.0,0.0,0.0,1,751,0
G J R E Real Estate L.L.C,g-j-r-e-real-estate-l-l-c,https://datadubai.ae/developers/g-j-r-e-real-estate-l-l-c/,1450,94,ok,2894422.0,2603.13,4.2,11.9,100.0,1,477,1
Octa Di Development Co. L.L.C,octa-di-development-co-l-l-c,https://datadubai.ae/developers/octa-di-development-co-l-l-c/,2087,94,ok,2570632.0,2321.01,,,100.0,1,112,1
Imtiaz Sunset Real Estate Development L.L.C,imtiaz-sunset-real-estate-development-l-l-c,https://datadubai.ae/developers/imtiaz-sunset-real-estate-development-l-l-c/,2157,94,ok,2538263.0,1954.56,2.7,-7.8,100.0,3,192,3
Centurion Star Developers L.L.C,centurion-star-developers-l-l-c,https://datadubai.ae/developers/centurion-star-developers-l-l-c/,2234,93,ok,2201850.0,,,232.1,100.0,1,128,1
Yangtze International Real Estate Developer L.L.C,yangtze-international-real-estate-developer-l-l-c,https://datadubai.ae/developers/yangtze-international-real-estate-developer-l-l-c/,2328,93,ok,873741.0,1180.27,,,100.0,1,190,1
Amwaj Alkhaleej Real Estate Development L.L.C,amwaj-alkhaleej-real-estate-development-l-l-c,https://datadubai.ae/developers/amwaj-alkhaleej-real-estate-development-l-l-c/,1710,93,ok,1694220.0,1824.45,6.4,-10.6,100.0,2,243,2
Cavara Real Estate Development L.L.C,cavara-real-estate-development-l-l-c,https://datadubai.ae/developers/cavara-real-estate-development-l-l-c/,2093,93,ok,1363704.0,1671.55,-2.7,564.3,100.0,3,286,3
Creek Views Real Estate Development L.L.C,creek-views-real-estate-development-l-l-c,https://datadubai.ae/developers/creek-views-real-estate-development-l-l-c/,1730,91,ok,27886488.0,,,9000.0,100.0,1,98,1
Credo Investments F Z E,credo-investments-f-z-e,https://datadubai.ae/developers/credo-investments-f-z-e/,356,91,ok,1159300.0,1272.23,12.4,-23.5,0.0,5,781,0
Jebel Ali Village (L.L.C),jebel-ali-village-l-l-c,https://datadubai.ae/developers/jebel-ali-village-l-l-c/,114,91,ok,4800000.0,,,68.5,0.0,4,898,0
Rose Homes Investment (L.L.C),rose-homes-investment-l-l-c,https://datadubai.ae/developers/rose-homes-investment-l-l-c/,126,90,ok,1200000.0,1194.0,19.7,-54.8,2.2,6,1023,3
Deyaar Bay Real Estate Development L.L.C,deyaar-bay-real-estate-development-l-l-c,https://datadubai.ae/developers/deyaar-bay-real-estate-development-l-l-c/,1336,88,ok,997500.0,1321.12,10.7,-16.2,100.0,1,717,1
Aa And Hmb Real Estate Development L.L.C,aa-and-hmb-real-estate-development-l-l-c,https://datadubai.ae/developers/aa-and-hmb-real-estate-development-l-l-c/,1627,87,ok,1077500.0,1405.39,7.5,-80.4,100.0,3,606,3
Segrex Development L.L.C,segrex-development-l-l-c,https://datadubai.ae/developers/segrex-development-l-l-c/,1287,87,ok,1050000.0,1399.11,2.8,-73.4,41.4,4,579,1
Sido Development L.L.C,sido-development-l-l-c,https://datadubai.ae/developers/sido-development-l-l-c/,1758,86,ok,993272.5,1399.77,24.4,258.3,100.0,1,228,1
Vincitore Real Estate Development L.L.C,vincitore-real-estate-development-l-l-c,https://datadubai.ae/developers/vincitore-real-estate-development-l-l-c/,1118,86,ok,912500.0,1558.11,13.9,-17.3,0.0,3,846,0
Ahmadyar Real Estate Development L.L.C,ahmadyar-real-estate-development-l-l-c,https://datadubai.ae/developers/ahmadyar-real-estate-development-l-l-c/,1775,86,ok,1324210.0,1341.34,4.9,26.5,100.0,2,214,2
One Yard Real Estate Development L.L.C,one-yard-real-estate-development-l-l-c,https://datadubai.ae/developers/one-yard-real-estate-development-l-l-c/,1626,85,ok,1008280.0,1445.34,0.3,431.2,100.0,1,191,1
Uniestate Properties L.L.C,uniestate-properties-l-l-c,https://datadubai.ae/developers/uniestate-properties-l-l-c/,971,85,ok,1004200.0,1186.37,-2.6,-49.1,0.0,5,600,0
Manazil Global Property Development L.L.C,manazil-global-property-development-l-l-c,https://datadubai.ae/developers/manazil-global-property-development-l-l-c/,1122,84,ok,850000.0,2252.0,58.8,366.7,0.0,1,943,0
D H G Property Development L.L.C,d-h-g-property-development-l-l-c,https://datadubai.ae/developers/d-h-g-property-development-l-l-c/,1619,84,ok,1664785.0,1436.59,2.5,-64.9,100.0,3,604,3
Green Yard Propertes Development L.L.C,green-yard-propertes-development-l-l-c,https://datadubai.ae/developers/green-yard-propertes-development-l-l-c/,1176,84,ok,625000.0,1395.89,5.2,3.7,58.3,3,845,0
Pan Global Development L.L.C,pan-global-development-l-l-c,https://datadubai.ae/developers/pan-global-development-l-l-c/,985,84,ok,595332.0,925.86,17.6,-14.3,0.0,4,800,1
Cayan Real Estate Investment & Development L.L.C,cayan-real-estate-investment-and-development-l-l-c,https://datadubai.ae/developers/cayan-real-estate-investment-and-development-l-l-c/,40,83,ok,2310000.0,2309.15,0.9,-7.8,0.0,2,1102,0
Aqua Real Estate Development L.L.C,aqua-real-estate-development-l-l-c,https://datadubai.ae/developers/aqua-real-estate-development-l-l-c/,1027,82,ok,633043.5,1575.62,8.6,57.7,0.0,3,519,0
Ab Developers L.L.C,ab-developers-l-l-c,https://datadubai.ae/developers/ab-developers-l-l-c/,1514,82,ok,1206574.5,1435.11,18.9,-4.7,70.7,2,239,1
Dar Global Properties L.L.C,dar-global-properties-l-l-c,https://datadubai.ae/developers/dar-global-properties-l-l-c/,1221,82,ok,2312500.0,2324.51,1.1,-43.1,45.1,2,851,1
Taraf Development L.L.C,taraf-development-l-l-c,https://datadubai.ae/developers/taraf-development-l-l-c/,1549,82,ok,1430500.0,1427.95,3.2,-67.8,98.8,5,758,5
Condor Golf Links 18 Real Estate Development L.L.C,condor-golf-links-18-real-estate-development-l-l-c,https://datadubai.ae/developers/condor-golf-links-18-real-estate-development-l-l-c/,2032,81,ok,897696.0,1869.81,13.2,-56.5,45.7,1,256,0
E L P D Developers L.L.C,e-l-p-d-developers-l-l-c,https://datadubai.ae/developers/e-l-p-d-developers-l-l-c/,1687,81,ok,1950000.0,1888.44,-3.8,-79.5,70.4,2,586,1
I K R Real Estate Development L.L.C,i-k-r-real-estate-development-l-l-c,https://datadubai.ae/developers/i-k-r-real-estate-development-l-l-c/,1803,80,ok,1044050.0,1349.68,-2.7,220.0,100.0,1,188,1
Harbour One Investment L.L.C,harbour-one-investment-l-l-c,https://datadubai.ae/developers/harbour-one-investment-l-l-c/,1900,80,ok,7652263.0,4006.17,5.6,-66.7,100.0,2,376,2
Saba 4 Fzco,saba-4-fzco,https://datadubai.ae/developers/saba-4-fzco/,1702,79,ok,3139400.0,2449.83,2.5,-56.6,100.0,1,547,1
Ag Properties L.L.C,ag-properties-l-l-c,https://datadubai.ae/developers/ag-properties-l-l-c/,1398,79,ok,589518.0,1057.92,5.2,-11.2,100.0,4,962,4
Deniz Properties L.L.C,deniz-properties-l-l-c,https://datadubai.ae/developers/deniz-properties-l-l-c/,1680,79,ok,968897.0,1114.75,7.4,58.0,100.0,2,234,2
Lapis Properties L.L.C,lapis-properties-l-l-c,https://datadubai.ae/developers/lapis-properties-l-l-c/,1927,78,ok,739606.5,1480.32,-1.0,-53.3,100.0,1,313,1
Urban Properties Development L.L.C,urban-properties-development-l-l-c,https://datadubai.ae/developers/urban-properties-development-l-l-c/,1633,78,ok,1983772.0,2186.33,2.1,160.0,100.0,1,147,1
Palmridge Real Estate Development L.L.C,palmridge-real-estate-development-l-l-c,https://datadubai.ae/developers/palmridge-real-estate-development-l-l-c/,2050,78,ok,1213070.5,2376.02,,,100.0,1,229,1
Expo City Al Waha Residences Development Fzco,expo-city-al-waha-residences-development-fzco,https://datadubai.ae/developers/expo-city-al-waha-residences-development-fzco/,2197,78,ok,3565000.0,2550.42,1.0,-83.8,100.0,2,568,2
Ed Residences L.L.C,ed-residences-l-l-c,https://datadubai.ae/developers/ed-residences-l-l-c/,2503,77,ok,9126558.0,4312.5,,,100.0,1,169,1
Rabdan Gardens Real Estate Developments L.L.C,rabdan-gardens-real-estate-developments-l-l-c,https://datadubai.ae/developers/rabdan-gardens-real-estate-developments-l-l-c/,2568,77,ok,1053690.0,2217.42,,,100.0,1,90,1
Ahs Tower Holding Development L.L.C S.O.C,ahs-tower-holding-development-l-l-c-s-o-c,https://datadubai.ae/developers/ahs-tower-holding-development-l-l-c-s-o-c/,2539,77,ok,22285000.0,,,,100.0,1,82,1
Heilbronn Properties Development L.L.C,heilbronn-properties-development-l-l-c,https://datadubai.ae/developers/heilbronn-properties-development-l-l-c/,1747,77,ok,1382376.0,1604.69,2.3,-14.4,76.6,2,165,0
Myra Real Estate Deveiopment L.L.C,myra-real-estate-deveiopment-l-l-c,https://datadubai.ae/developers/myra-real-estate-deveiopment-l-l-c/,1074,77,ok,933500.0,1100.1,-3.3,-7.2,31.2,5,721,1
Vantage Ventures Real Estate Development L.L.C,vantage-ventures-real-estate-development-l-l-c,https://datadubai.ae/developers/vantage-ventures-real-estate-development-l-l-c/,1911,76,ok,1167476.5,1371.54,3.9,18.8,75.0,1,144,0
Star Gigaestablishment Limited,star-gigaestablishment-limited,https://datadubai.ae/developers/star-gigaestablishment-limited/,57,76,ok,1010000.0,1759.44,17.2,-28.3,0.0,2,1066,0
Dng Property Development L.L.C,dng-property-development-l-l-c,https://datadubai.ae/developers/dng-property-development-l-l-c/,1950,74,ok,844270.0,1590.87,2.5,15.6,100.0,1,266,1
Moonjiz Properties Limited,moonjiz-properties-limited,https://datadubai.ae/developers/moonjiz-properties-limited/,390,74,ok,750000.0,890.3,,,0.0,1,74,1
Valores Property Development L.L.C,valores-property-development-l-l-c,https://datadubai.ae/developers/valores-property-development-l-l-c/,1858,74,ok,565000.0,1302.56,-1.8,10.4,100.0,2,196,2
Y A S Developers Fze,y-a-s-developers-fze,https://datadubai.ae/developers/y-a-s-developers-fze/,1098,74,ok,1323020.5,1518.36,5.5,-35.7,28.4,2,224,0
M G S Development L.L.C,m-g-s-development-l-l-c,https://datadubai.ae/developers/m-g-s-development-l-l-c/,1624,74,ok,2235328.0,2508.26,14.0,-63.2,100.0,3,504,3
City View Real Estate Development L.L.C,city-view-real-estate-development-l-l-c,https://datadubai.ae/developers/city-view-real-estate-development-l-l-c/,1805,73,ok,2512105.0,2788.36,-0.5,-53.8,100.0,1,239,1
Urban Venture Real Estate Development L.L.C,urban-venture-real-estate-development-l-l-c,https://datadubai.ae/developers/urban-venture-real-estate-development-l-l-c/,1947,73,ok,1055389.0,1500.03,11.0,55.3,100.0,1,187,1
Riverton House Development L.L.C,riverton-house-development-l-l-c,https://datadubai.ae/developers/riverton-house-development-l-l-c/,2563,72,ok,2271828.0,2709.85,,,100.0,1,151,1
M I R A Developments L.L.C,m-i-r-a-developments-l-l-c,https://datadubai.ae/developers/m-i-r-a-developments-l-l-c/,1445,72,ok,1018760.0,2143.77,32.8,-50.0,100.0,3,566,3
Saba  Properties Dmcc,saba-properties-dmcc,https://datadubai.ae/developers/saba-properties-dmcc/,269,72,ok,1287500.0,1505.35,7.8,-33.3,0.0,4,926,1
Damac Canal Two Property Development L.L.C,damac-canal-two-property-development-l-l-c,https://datadubai.ae/developers/damac-canal-two-property-development-l-l-c/,1131,71,ok,1472500.0,1823.44,-7.5,-46.6,0.0,1,986,0
Eln Properties Development L.L.C,eln-properties-development-l-l-c,https://datadubai.ae/developers/eln-properties-development-l-l-c/,1466,71,ok,3367828.0,2591.63,5.8,-78.9,100.0,1,610,1
Arsenal East Real Estate Development L.L.C,arsenal-east-real-estate-development-l-l-c,https://datadubai.ae/developers/arsenal-east-real-estate-development-l-l-c/,1634,71,ok,1620523.0,2390.01,14.7,136.7,100.0,2,314,2
Union Properties (P.J.S.C),union-properties-p-j-s-c,https://datadubai.ae/developers/union-properties-p-j-s-c/,27,70,ok,2038500.0,1050.0,-4.5,66.7,0.0,2,270,1
Khk Realestate Development L.L.C,khk-realestate-development-l-l-c,https://datadubai.ae/developers/khk-realestate-development-l-l-c/,2178,70,ok,602750.0,1582.75,,,100.0,1,160,1
Ghaff Land Real Estate Development L.L.C,ghaff-land-real-estate-development-l-l-c,https://datadubai.ae/developers/ghaff-land-real-estate-development-l-l-c/,2007,69,ok,829778.0,1244.8,5.1,-6.8,100.0,1,168,1
Victory Heights Real Estate Development L.L.C,victory-heights-real-estate-development-l-l-c,https://datadubai.ae/developers/victory-heights-real-estate-development-l-l-c/,261,69,ok,10500000.0,,,-10.4,0.0,3,133,0
Peak Summit Real Estate Development L.L.C,peak-summit-real-estate-development-l-l-c,https://datadubai.ae/developers/peak-summit-real-estate-development-l-l-c/,1476,69,ok,1077177.0,1368.67,-6.0,-48.5,100.0,3,1014,3
The Circuit Real Estate Development L.L.C,the-circuit-real-estate-development-l-l-c,https://datadubai.ae/developers/the-circuit-real-estate-development-l-l-c/,2075,68,ok,2507412.0,,,-67.5,100.0,1,257,1
Epd Development L.L.C,epd-development-l-l-c,https://datadubai.ae/developers/epd-development-l-l-c/,1453,68,ok,2379470.0,2342.7,6.6,51.1,0.0,1,150,0
Stamn Real Estate Development L.L.C,stamn-real-estate-development-l-l-c,https://datadubai.ae/developers/stamn-real-estate-development-l-l-c/,1943,68,ok,1550000.0,2183.35,-4.5,25.9,100.0,3,228,3
La Mer North Property Co. L.L.C,la-mer-north-property-co-l-l-c,https://datadubai.ae/developers/la-mer-north-property-co-l-l-c/,1824,67,ok,,,,,100.0,1,67,1
Peace Homes Signatures Development L.L.C,peace-homes-signatures-development-l-l-c,https://datadubai.ae/developers/peace-homes-signatures-development-l-l-c/,1197,66,ok,900000.0,1614.64,31.4,-53.8,80.3,2,390,1
Dubai Peninsula L.L.C,dubai-peninsula-l-l-c,https://datadubai.ae/developers/dubai-peninsula-l-l-c/,1499,66,ok,,,,-22.4,100.0,2,177,2
Al Manal Development Fzco,al-manal-development-fzco,https://datadubai.ae/developers/al-manal-development-fzco/,4,66,ok,862500.0,970.95,6.1,-15.4,0.0,8,1296,1
Zabeel Square L.L.C,zabeel-square-l-l-c,https://datadubai.ae/developers/zabeel-square-l-l-c/,1212,65,ok,3190000.0,2914.36,4.4,-21.7,100.0,2,1754,2
Sky Overseas Real Estate Development L.L.C,sky-overseas-real-estate-development-l-l-c,https://datadubai.ae/developers/sky-overseas-real-estate-development-l-l-c/,961,65,ok,1100000.0,994.71,5.1,-35.6,0.0,1,545,0
Schon Investments Limited,schon-investments-limited,https://datadubai.ae/developers/schon-investments-limited/,384,65,ok,740000.0,,,-18.8,0.0,1,379,0
Dlc Ds Developer,dlc-ds-developer,https://datadubai.ae/developers/dlc-ds-developer/,1660,65,ok,23060625.0,,,54.8,0.0,1,130,1
Solanki Real Estate Development L.L.C,solanki-real-estate-development-l-l-c,https://datadubai.ae/developers/solanki-real-estate-development-l-l-c/,1953,65,ok,803880.0,1042.58,,,100.0,1,133,1
Consolidated Urban Real Estate Development Co. L.L.C,consolidated-urban-real-estate-development-co-l-l-c,https://datadubai.ae/developers/consolidated-urban-real-estate-development-co-l-l-c/,1060,64,ok,838000.0,1000.0,-3.3,-36.0,0.0,1,358,0
Emirates Mezna For Real Estate Development L L C - Dubai Branch,emirates-mezna-for-real-estate-development-l-l-c-dubai-branch,https://datadubai.ae/developers/emirates-mezna-for-real-estate-development-l-l-c-dubai-branch/,1667,64,ok,1272921.0,3102.5,,,100.0,1,401,1
L I V Real Estate Development L.L.C,l-i-v-real-estate-development-l-l-c,https://datadubai.ae/developers/l-i-v-real-estate-development-l-l-c/,1137,64,ok,3000000.0,3106.34,10.5,4.9,0.0,2,433,0
Aurora Real Estate Development L.L.C,aurora-real-estate-development-l-l-c,https://datadubai.ae/developers/aurora-real-estate-development-l-l-c/,1099,64,ok,1255000.0,1278.91,13.0,-60.0,0.0,3,406,0
Sp International Property Developers L.L.C,sp-international-property-developers-l-l-c,https://datadubai.ae/developers/sp-international-property-developers-l-l-c/,1150,63,ok,3150000.0,2391.63,-3.6,85.3,0.0,1,431,0
Expo City Mangrove Residences Development Fzco,expo-city-mangrove-residences-development-fzco,https://datadubai.ae/developers/expo-city-mangrove-residences-development-fzco/,1574,63,ok,2475000.0,1950.03,10.3,215.0,100.0,1,470,1
M A S Real Estate Development L.L.C,m-a-s-real-estate-development-l-l-c,https://datadubai.ae/developers/m-a-s-real-estate-development-l-l-c/,1924,63,ok,2801628.0,1800.0,,,100.0,1,242,1
Avelon Real Estate Development L.L.C,avelon-real-estate-development-l-l-c,https://datadubai.ae/developers/avelon-real-estate-development-l-l-c/,1826,63,ok,777150.0,1747.84,22.4,-50.8,73.0,2,244,1
Acube Real Estate Development L L C,acube-real-estate-development-l-l-c,https://datadubai.ae/developers/acube-real-estate-development-l-l-c/,1403,63,ok,1400922.0,1478.93,-3.4,-70.0,58.7,3,525,2
Preatoni Real Estate Development L.L.C,preatoni-real-estate-development-l-l-c,https://datadubai.ae/developers/preatoni-real-estate-development-l-l-c/,1132,62,ok,1150000.0,1434.32,11.2,-13.9,0.0,1,569,0
Azha J V T Residences L.L.C,azha-j-v-t-residences-l-l-c,https://datadubai.ae/developers/azha-j-v-t-residences-l-l-c/,1821,62,ok,752570.5,1587.95,,6100.0,100.0,1,200,1
Iconic Vista Real Estate Development L.L.C,iconic-vista-real-estate-development-l-l-c,https://datadubai.ae/developers/iconic-vista-real-estate-development-l-l-c/,1255,62,ok,799640.0,1539.9,22.8,195.2,88.7,2,230,1
La Mer Central Property Co. L.L.C,la-mer-central-property-co-l-l-c,https://datadubai.ae/developers/la-mer-central-property-co-l-l-c/,1941,62,ok,,,,,100.0,2,99,2
Bonyan International Investment Group  (Holding) (L.L.C),bonyan-international-investment-group-holding-l-l-c,https://datadubai.ae/developers/bonyan-international-investment-group-holding-l-l-c/,257,62,ok,1042500.0,1363.55,1.9,-47.0,0.0,2,1074,0
Al Aseel Investments L.L.C,al-aseel-investments-l-l-c,https://datadubai.ae/developers/al-aseel-investments-l-l-c/,1145,61,ok,4100000.0,3830.8,-4.2,-39.0,0.0,1,920,0
Rashed Mohammed Abdulla Almazroui Real Estate Development,rashed-mohammed-abdulla-almazroui-real-estate-development,https://datadubai.ae/developers/rashed-mohammed-abdulla-almazroui-real-estate-development/,896,61,ok,3321740.0,,,90.6,0.0,1,191,0
Art House Hills Residences Development L.L.C,art-house-hills-residences-development-l-l-c,https://datadubai.ae/developers/art-house-hills-residences-development-l-l-c/,2530,61,ok,1423851.0,1786.68,,,100.0,1,328,1
Falak Properties,falak-properties,https://datadubai.ae/developers/falak-properties/,900,61,ok,650000.0,849.63,19.0,-54.8,0.0,6,894,0
Crystal Three L.L.C-Fz,crystal-three-l-l-c-fz,https://datadubai.ae/developers/crystal-three-l-l-c-fz/,1503,60,ok,8700000.0,1691.54,4.3,-23.1,28.3,1,438,0
Maaia Prime Real Estate Developers L.L.C,maaia-prime-real-estate-developers-l-l-c,https://datadubai.ae/developers/maaia-prime-real-estate-developers-l-l-c/,1971,60,ok,1778460.0,1544.87,14.2,1100.0,100.0,2,104,2
Andi Real Estate Development L.L.C,andi-real-estate-development-l-l-c,https://datadubai.ae/developers/andi-real-estate-development-l-l-c/,2168,59,ok,754112.5,1113.6,,,100.0,1,112,1
Wadi Hills City Real Estate Development L.L.C,wadi-hills-city-real-estate-development-l-l-c,https://datadubai.ae/developers/wadi-hills-city-real-estate-development-l-l-c/,2364,59,ok,1036000.0,1551.39,,,100.0,1,131,1
Tranquil Infra Developers L.L.C,tranquil-infra-developers-l-l-c,https://datadubai.ae/developers/tranquil-infra-developers-l-l-c/,1812,59,ok,645000.0,1425.5,0.3,126.9,100.0,2,179,2
Dusit Rijas Properties L.L.C,dusit-rijas-properties-l-l-c,https://datadubai.ae/developers/dusit-rijas-properties-l-l-c/,1591,58,ok,621697.0,1886.45,-2.7,262.5,100.0,1,153,1
Newbury Real Estate Development L.L.C,newbury-real-estate-development-l-l-c,https://datadubai.ae/developers/newbury-real-estate-development-l-l-c/,2244,58,ok,760000.0,1172.5,,,100.0,1,127,1
Dubai Multi Commodities Centre Authority,dubai-multi-commodities-centre-authority,https://datadubai.ae/developers/dubai-multi-commodities-centre-authority/,153,58,ok,3200000.0,,,-54.3,0.0,4,2467,0
Aum Real Estate Development L.L.C,aum-real-estate-development-l-l-c,https://datadubai.ae/developers/aum-real-estate-development-l-l-c/,1756,57,ok,690555.0,1443.46,,,100.0,1,93,1
Vision Avenue Homes (Fzc),vision-avenue-homes-fzc,https://datadubai.ae/developers/vision-avenue-homes-fzc/,259,57,ok,750000.0,991.94,11.7,-41.8,1.8,3,670,0
Triplanet Range 2 Investments Limited,triplanet-range-2-investments-limited,https://datadubai.ae/developers/triplanet-range-2-investments-limited/,981,56,ok,500000.0,899.95,-0.5,27.3,0.0,1,468,0
Alma Real Estate Developments L.L.C,alma-real-estate-developments-l-l-c,https://datadubai.ae/developers/alma-real-estate-developments-l-l-c/,1818,56,ok,1676546.0,1175.71,-1.1,194.7,100.0,1,80,1
Januss Real Estate Developers L.L.C,januss-real-estate-developers-l-l-c,https://datadubai.ae/developers/januss-real-estate-developers-l-l-c/,1871,56,ok,1612500.0,1382.92,2.4,229.4,100.0,1,82,1
Purvanchal Real Estate Developers L.L.C,purvanchal-real-estate-developers-l-l-c,https://datadubai.ae/developers/purvanchal-real-estate-developers-l-l-c/,1496,56,ok,1997800.0,1451.78,2.3,300.0,100.0,2,171,2
Jhk Heights Real Estate Development L.L.C,jhk-heights-real-estate-development-l-l-c,https://datadubai.ae/developers/jhk-heights-real-estate-development-l-l-c/,2282,55,ok,790825.0,1124.56,-2.7,41.0,100.0,1,95,1
Ary & Maz Development L.L.C,ary-and-maz-development-l-l-c,https://datadubai.ae/developers/ary-and-maz-development-l-l-c/,2353,55,ok,1044484.0,1567.62,,,100.0,1,225,1
Symbolic Real Estate Development L.L.C,symbolic-real-estate-development-l-l-c,https://datadubai.ae/developers/symbolic-real-estate-development-l-l-c/,1561,55,ok,1056210.0,1257.33,7.1,139.1,72.7,2,205,1
M A A S Developers L.L.C,m-a-a-s-developers-l-l-c,https://datadubai.ae/developers/m-a-a-s-developers-l-l-c/,1778,54,ok,916792.5,1518.72,3.3,-23.9,100.0,1,205,1
A G W Real Estate Development L.L.C,a-g-w-real-estate-development-l-l-c,https://datadubai.ae/developers/a-g-w-real-estate-development-l-l-c/,2246,54,ok,601596.0,1400.0,-3.8,350.0,100.0,1,132,1
Lootah Real Estate Development L.L.C,lootah-real-estate-development-l-l-c,https://datadubai.ae/developers/lootah-real-estate-development-l-l-c/,37,54,ok,615000.0,1091.02,3.3,-45.5,0.0,9,480,2
Unique Saray Properties L.L.C,unique-saray-properties-l-l-c,https://datadubai.ae/developers/unique-saray-properties-l-l-c/,2055,53,ok,718087.0,1345.16,,,100.0,1,121,1
Manodev Real Estate Development L.L.C,manodev-real-estate-development-l-l-c,https://datadubai.ae/developers/manodev-real-estate-development-l-l-c/,2129,53,ok,2711923.0,2267.23,,,100.0,1,140,1
Alansari Real Estate Development  L.L.C,alansari-real-estate-development-l-l-c,https://datadubai.ae/developers/alansari-real-estate-development-l-l-c/,1294,53,ok,1615000.0,1369.34,,,100.0,1,134,1
New M F O U R Real Estate Development L.L.C,new-m-f-o-u-r-real-estate-development-l-l-c,https://datadubai.ae/developers/new-m-f-o-u-r-real-estate-development-l-l-c/,1934,53,ok,1578777.0,2243.43,,,100.0,1,84,1
L I V Maritime Real Estate Development L.L.C,l-i-v-maritime-real-estate-development-l-l-c,https://datadubai.ae/developers/l-i-v-maritime-real-estate-development-l-l-c/,2028,52,ok,3739548.0,2704.14,11.0,-73.7,100.0,1,258,1
Al Mizan Harmony Development L.L.C,al-mizan-harmony-development-l-l-c,https://datadubai.ae/developers/al-mizan-harmony-development-l-l-c/,1958,52,ok,943159.5,1379.36,2.6,85.7,100.0,1,113,1
Kappa Acca Real Estate Development,kappa-acca-real-estate-development,https://datadubai.ae/developers/kappa-acca-real-estate-development/,1215,52,ok,1012516.0,2051.85,6.8,-20.0,19.2,4,786,2
Bay Central Developments Limited,bay-central-developments-limited,https://datadubai.ae/developers/bay-central-developments-limited/,148,51,ok,1635000.0,2298.81,-0.5,-32.9,0.0,1,748,0
Souq Residences  Fzco,souq-residences-fzco,https://datadubai.ae/developers/souq-residences-fzco/,244,51,ok,3750000.0,1936.6,10.4,-46.9,0.0,1,596,0
Irth Signature Development L.L.C,irth-signature-development-l-l-c,https://datadubai.ae/developers/irth-signature-development-l-l-c/,1844,51,ok,1323297.0,3232.07,11.1,-89.8,100.0,1,811,1
Behnam Ali Keivan,behnam-ali-keivan,https://datadubai.ae/developers/behnam-ali-keivan/,577,51,ok,390000.0,814.75,3.7,218.8,0.0,1,181,0
Mulk Properties L.L.C,mulk-properties-l-l-c,https://datadubai.ae/developers/mulk-properties-l-l-c/,1978,51,ok,2405600.0,,,,100.0,1,74,1
G F S Real Estate Development L.L.C,g-f-s-real-estate-development-l-l-c,https://datadubai.ae/developers/g-f-s-real-estate-development-l-l-c/,2224,51,ok,914357.5,1372.55,,,100.0,2,506,2
Meteora Real Estate Development L.L.C,meteora-real-estate-development-l-l-c,https://datadubai.ae/developers/meteora-real-estate-development-l-l-c/,1543,51,ok,980000.0,1344.59,-13.3,-45.7,66.7,4,506,3
Torch Select Limited,torch-select-limited,https://datadubai.ae/developers/torch-select-limited/,147,50,ok,1800000.0,1493.77,10.4,-43.8,0.0,1,682,0
Mohammad Rahif Hakmi,mohammad-rahif-hakmi,https://datadubai.ae/developers/mohammad-rahif-hakmi/,315,50,ok,1115000.0,1352.9,8.5,-43.8,0.0,1,1178,0
Damac J R Two Investment L.L.C,damac-j-r-two-investment-l-l-c,https://datadubai.ae/developers/damac-j-r-two-investment-l-l-c/,1529,50,ok,3975500.0,3436.16,2.1,-47.9,100.0,1,1087,1
Bella Rose Real Estate Development L.L.C,bella-rose-real-estate-development-l-l-c,https://datadubai.ae/developers/bella-rose-real-estate-development-l-l-c/,1257,50,ok,600000.0,1358.83,4.9,-2.0,0.0,1,490,0
Damac Mdn Investment L.L.C,damac-mdn-investment-l-l-c,https://datadubai.ae/developers/damac-mdn-investment-l-l-c/,1583,50,ok,4045030.0,4214.73,-2.7,-62.4,100.0,1,646,1
Mered Residences Real Estate L.L.C,mered-residences-real-estate-l-l-c,https://datadubai.ae/developers/mered-residences-real-estate-l-l-c/,1611,50,ok,4990664.5,3701.01,10.8,-57.3,100.0,1,319,1
Lucky Aeon Real Estate Development,lucky-aeon-real-estate-development,https://datadubai.ae/developers/lucky-aeon-real-estate-development/,1284,50,ok,920000.0,1351.21,6.2,-57.6,74.0,3,433,2
