name,url,contracts,rent_median,yield_pct
Jumeirah Village Circle,https://datadubai.ae/communities/jumeirah-village-circle/,29351,67920.0,6.24
International City Phase 1,https://datadubai.ae/communities/international-city-phase-1/,22564,36500.0,8.21
Silicon Oasis,https://datadubai.ae/communities/silicon-oasis/,16457,55650.0,7.39
Business Bay,https://datadubai.ae/communities/business-bay/,14602,90000.0,5.73
Discovery Gardens,https://datadubai.ae/communities/discovery-gardens/,13859,50578.0,7.56
Dubai Marina,https://datadubai.ae/communities/dubai-marina/,13683,112000.0,5.71
Arjan,https://datadubai.ae/communities/arjan/,11230,63000.0,7.11
International City Phase 3,https://datadubai.ae/communities/international-city-phase-3/,9286,45000.0,7.47
DownTown Dubai,https://datadubai.ae/communities/downtown-dubai/,9139,145000.0,5.24
Dubai Sports City,https://datadubai.ae/communities/dubai-sports-city/,8658,52000.0,7.78
Dubai Land Residence Complex,https://datadubai.ae/communities/dubai-land-residence-complex/,7448,52000.0,7.61
Al Furjan,https://datadubai.ae/communities/al-furjan/,6689,80000.0,6.42
International Media Production Zone,https://datadubai.ae/communities/international-media-production-zone/,6663,47400.0,8.62
Meydan One Community,https://datadubai.ae/communities/meydan-one-community/,6224,56000.0,5.91
TOWN SQUARE,https://datadubai.ae/communities/town-square/,6192,88900.0,6.2
Dubai Creek Harbour,https://datadubai.ae/communities/dubai-creek-harbour/,5810,132000.0,5.66
DAMAC HILLS 2,https://datadubai.ae/communities/damac-hills-2/,5352,90000.0,7.98
Barsha Heights,https://datadubai.ae/communities/barsha-heights/,5309,78000.0,5.87
DMCC Master Community,https://datadubai.ae/communities/dmcc-master-community/,4782,85000.0,6.62
Dubai Hills Estate,https://datadubai.ae/communities/dubai-hills-estate/,4535,115000.0,6.12
Dubai South Residential District,https://datadubai.ae/communities/dubai-south-residential-district/,4494,55000.0,5.95
SOBHA HARTLAND,https://datadubai.ae/communities/sobha-hartland/,4317,100000.0,5.98
DAMAC HILLS,https://datadubai.ae/communities/damac-hills/,4194,70000.0,6.83
Palm Jumeirah,https://datadubai.ae/communities/palm-jumeirah/,4053,204750.0,5.34
Dubai Investment Park First,https://datadubai.ae/communities/dubai-investment-park-first/,3585,62850.0,4.01
The Greens,https://datadubai.ae/communities/the-greens/,3515,110500.0,6.12
Jumeirah Garden City,https://datadubai.ae/communities/jumeirah-garden-city/,3400,78450.77,4.86
Liwan1,https://datadubai.ae/communities/liwan1/,3332,54000.0,7.64
Jumeirah Lakes Towers,https://datadubai.ae/communities/jumeirah-lakes-towers/,3161,88000.0,6.78
Jumeirah Village Triangle,https://datadubai.ae/communities/jumeirah-village-triangle/,3124,72000.0,7.22
Jumeriah Beach Residence - JBR,https://datadubai.ae/communities/jumeriah-beach-residence-jbr/,3004,136855.0,5.84
Majan,https://datadubai.ae/communities/majan/,2974,58000.0,7.21
Dubai World Central,https://datadubai.ae/communities/dubai-world-central/,2894,100000.0,4.91
Dubai Investment Park Second,https://datadubai.ae/communities/dubai-investment-park-second/,2433,42000.0,8.38
Remraam,https://datadubai.ae/communities/remraam/,2146,60000.0,7.51
Dubai Health Care City Phase 2,https://datadubai.ae/communities/dubai-health-care-city-phase-2/,2036,73000.0,6.25
Motor City,https://datadubai.ae/communities/motor-city/,1995,80000.0,7.77
Dubai Studio City,https://datadubai.ae/communities/dubai-studio-city/,1929,60000.0,8.01
Meydan Racecourse Community,https://datadubai.ae/communities/meydan-racecourse-community/,1778,97000.0,5.76
Arabian Ranches 3,https://datadubai.ae/communities/arabian-ranches-3/,1552,175000.0,5.08
Emirates Living,https://datadubai.ae/communities/emirates-living/,1458,210000.0,4.01
Jaddaf Waterfront,https://datadubai.ae/communities/jaddaf-waterfront/,1413,85000.0,5.38
Dubai Science Park,https://datadubai.ae/communities/dubai-science-park/,1354,70000.0,7.11
Dubai Harbour,https://datadubai.ae/communities/dubai-harbour/,1308,178352.0,5.28
Liwan2,https://datadubai.ae/communities/liwan2/,1298,55000.0,
TILAL AL GHAF,https://datadubai.ae/communities/tilal-al-ghaf/,1268,250000.0,5.6
Mudon,https://datadubai.ae/communities/mudon/,1231,190000.0,5.29
Arabian Ranches - 1,https://datadubai.ae/communities/arabian-ranches-1/,1189,250000.0,4.46
WARSAN FIRST DEVELOPMENT,https://datadubai.ae/communities/warsan-first-development/,1154,50000.0,7.01
EXPO CITY,https://datadubai.ae/communities/expo-city/,1146,80612.5,
Rukan,https://datadubai.ae/communities/rukan/,1036,70000.0,7.14
City Walk,https://datadubai.ae/communities/city-walk/,961,210000.0,5.37
Down Town Jabal Ali,https://datadubai.ae/communities/down-town-jabal-ali/,938,51000.0,8.66
HADAEQ SHEIKH MOHAMMED BIN RASHID - DISRICT 7,https://datadubai.ae/communities/hadaeq-sheikh-mohammed-bin-rashid-disrict-7/,890,85000.0,6.3
Mohammed Bin Rashid AL Maktoum City -District -1 Community,https://datadubai.ae/communities/mohammed-bin-rashid-al-maktoum-city-district-1-community/,887,111944.0,6.6
Jumeirah Park,https://datadubai.ae/communities/jumeirah-park/,836,335000.0,
Jumeirah Golf Estates,https://datadubai.ae/communities/jumeirah-golf-estates/,719,215000.0,7.1
LA MER,https://datadubai.ae/communities/la-mer/,708,165000.0,5.24
The Valley,https://datadubai.ae/communities/the-valley/,660,140000.0,4.94
Wasl 1,https://datadubai.ae/communities/wasl-1/,634,140000.0,5.24
Site A,https://datadubai.ae/communities/site-a/,608,150000.0,3.86
Arabian Ranches II,https://datadubai.ae/communities/arabian-ranches-ii/,564,250000.0,
800 Villas,https://datadubai.ae/communities/800-villas/,555,150000.0,5.11
Festival City,https://datadubai.ae/communities/festival-city/,552,160000.0,5.48
DAMAC Lagoons,https://datadubai.ae/communities/damac-lagoons/,472,155000.0,
Wasl Gate,https://datadubai.ae/communities/wasl-gate/,468,78000.0,7.18
Badra,https://datadubai.ae/communities/badra/,458,51360.0,
Sufouh Gardens,https://datadubai.ae/communities/sufouh-gardens/,453,90000.0,5.44
Living Legends,https://datadubai.ae/communities/living-legends/,437,90000.0,7.66
Jumeirah Islands,https://datadubai.ae/communities/jumeirah-islands/,370,210000.0,7.64
Mohammed Bin Rashid AL Maktoum District 11,https://datadubai.ae/communities/mohammed-bin-rashid-al-maktoum-district-11/,360,170000.0,4.68
DUBAI HILLS - MAPLE 1,https://datadubai.ae/communities/dubai-hills-maple-1/,356,275000.0,5.28
Nad Al Sheba Gardens,https://datadubai.ae/communities/nad-al-sheba-gardens/,350,150000.0,
Madinat Badr,https://datadubai.ae/communities/madinat-badr/,328,100000.0,6.05
Dubai Water Canal,https://datadubai.ae/communities/dubai-water-canal/,326,210000.0,5.11
DUBAI HILLS - MAPLE 2,https://datadubai.ae/communities/dubai-hills-maple-2/,324,260000.0,5.0
The Villa,https://datadubai.ae/communities/the-villa/,310,300000.0,
Garden View,https://datadubai.ae/communities/garden-view/,285,170000.0,
Uptown Mirdif,https://datadubai.ae/communities/uptown-mirdif/,282,82000.0,
DUBAI HILLS - MAPLE 3,https://datadubai.ae/communities/dubai-hills-maple-3/,278,260000.0,4.74
JABEL ALI HILLS,https://datadubai.ae/communities/jabel-ali-hills/,252,54883.0,
THE SUSTAINABLE CITY,https://datadubai.ae/communities/the-sustainable-city/,241,213675.0,5.4
Al Barari,https://datadubai.ae/communities/al-barari/,224,450000.0,10.32
JABAL ALI INDUSTRIAL DEVELOPMENT,https://datadubai.ae/communities/jabal-ali-industrial-development/,196,30000.0,
Bluewaters Island,https://datadubai.ae/communities/bluewaters-island/,193,420000.0,5.09
Springs - 1,https://datadubai.ae/communities/springs-1/,179,200000.0,4.39
DUBAI HILLS - SIDRA 1,https://datadubai.ae/communities/dubai-hills-sidra-1/,157,450000.0,
DUBAI HILLS - SIDRA 2,https://datadubai.ae/communities/dubai-hills-sidra-2/,149,415000.0,
Springs - 2,https://datadubai.ae/communities/springs-2/,142,185000.0,4.06
Falcon City,https://datadubai.ae/communities/falcon-city/,136,210000.0,
Dubai Maritime City,https://datadubai.ae/communities/dubai-maritime-city/,132,100000.0,5.38
Sama Al Jadaf,https://datadubai.ae/communities/sama-al-jadaf/,118,100000.0,
DUBAI HILLS - SIDRA 3,https://datadubai.ae/communities/dubai-hills-sidra-3/,110,425000.0,
Springs - 3,https://datadubai.ae/communities/springs-3/,104,190000.0,
DMCC-EZ2,https://datadubai.ae/communities/dmcc-ez2/,83,26000.0,
Dubai Industrial City,https://datadubai.ae/communities/dubai-industrial-city/,81,33465.6,
DMCC-EZ1,https://datadubai.ae/communities/dmcc-ez1/,81,150000.0,
Mina Rashid,https://datadubai.ae/communities/mina-rashid/,72,100000.0,4.39
Jumeira Bay,https://datadubai.ae/communities/jumeira-bay/,61,1100000.0,
Meadows 9,https://datadubai.ae/communities/meadows-9/,41,375000.0,
Jabal Ali Village,https://datadubai.ae/communities/jabal-ali-village/,37,240000.0,
DUBAI HILLS,https://datadubai.ae/communities/dubai-hills/,28,1200000.0,
