name,url,yield_pct,segments,contracts_used,ready_sales_used,price_median
Al Barari,https://datadubai.ae/communities/al-barari/,10.32,2,76,96,5065120.0
Down Town Jabal Ali,https://datadubai.ae/communities/down-town-jabal-ali/,8.66,2,807,136,732582.0
International Media Production Zone,https://datadubai.ae/communities/international-media-production-zone/,8.62,3,6097,803,935347.0
Dubai Investment Park Second,https://datadubai.ae/communities/dubai-investment-park-second/,8.38,3,2250,211,610000.0
International City Phase 1,https://datadubai.ae/communities/international-city-phase-1/,8.21,4,21792,1245,471500.0
Dubai Studio City,https://datadubai.ae/communities/dubai-studio-city/,8.01,3,1827,495,731805.0
DAMAC HILLS 2,https://datadubai.ae/communities/damac-hills-2/,7.98,2,423,109,1550000.0
Dubai Sports City,https://datadubai.ae/communities/dubai-sports-city/,7.78,4,8229,1226,946197.0
Motor City,https://datadubai.ae/communities/motor-city/,7.77,5,1897,933,1183674.0
Living Legends,https://datadubai.ae/communities/living-legends/,7.66,4,316,109,1225000.0
Jumeirah Islands,https://datadubai.ae/communities/jumeirah-islands/,7.64,1,97,16,2218828.0
Liwan1,https://datadubai.ae/communities/liwan1/,7.64,4,3186,482,889000.0
Dubai Land Residence Complex,https://datadubai.ae/communities/dubai-land-residence-complex/,7.61,3,7259,622,812843.0
Discovery Gardens,https://datadubai.ae/communities/discovery-gardens/,7.56,3,13385,1005,751092.0
Remraam,https://datadubai.ae/communities/remraam/,7.51,4,2142,297,780000.0
International City Phase 3,https://datadubai.ae/communities/international-city-phase-3/,7.47,3,9092,347,822018.0
Silicon Oasis,https://datadubai.ae/communities/silicon-oasis/,7.39,4,15376,1205,970000.0
Jumeirah Village Triangle,https://datadubai.ae/communities/jumeirah-village-triangle/,7.22,3,2489,457,1160483.0
Majan,https://datadubai.ae/communities/majan/,7.21,4,2839,931,750000.0
Wasl Gate,https://datadubai.ae/communities/wasl-gate/,7.18,1,227,34,1349000.0
Rukan,https://datadubai.ae/communities/rukan/,7.14,5,972,272,980000.0
Dubai Science Park,https://datadubai.ae/communities/dubai-science-park/,7.11,3,1228,178,1073664.0
Arjan,https://datadubai.ae/communities/arjan/,7.11,4,11076,1353,927130.0
Jumeirah Golf Estates,https://datadubai.ae/communities/jumeirah-golf-estates/,7.1,3,413,128,6338106.0
WARSAN FIRST DEVELOPMENT,https://datadubai.ae/communities/warsan-first-development/,7.01,2,928,47,566401.0
DAMAC HILLS,https://datadubai.ae/communities/damac-hills/,6.83,4,3039,510,1317560.0
Jumeirah Lakes Towers,https://datadubai.ae/communities/jumeirah-lakes-towers/,6.78,4,3131,421,1807498.5
DMCC Master Community,https://datadubai.ae/communities/dmcc-master-community/,6.62,4,4641,476,1633470.0
Mohammed Bin Rashid AL Maktoum City -District -1 Community,https://datadubai.ae/communities/mohammed-bin-rashid-al-maktoum-city-district-1-community/,6.6,3,775,149,2380000.0
Al Furjan,https://datadubai.ae/communities/al-furjan/,6.42,6,6396,1025,1431320.0
HADAEQ SHEIKH MOHAMMED BIN RASHID - DISRICT 7,https://datadubai.ae/communities/hadaeq-sheikh-mohammed-bin-rashid-disrict-7/,6.3,3,695,91,1500000.0
Dubai Health Care City Phase 2,https://datadubai.ae/communities/dubai-health-care-city-phase-2/,6.25,4,2018,426,1270000.0
Jumeirah Village Circle,https://datadubai.ae/communities/jumeirah-village-circle/,6.24,6,28653,4534,1054237.0
TOWN SQUARE,https://datadubai.ae/communities/town-square/,6.2,6,6182,1037,1413388.0
Dubai Hills Estate,https://datadubai.ae/communities/dubai-hills-estate/,6.12,4,4527,916,2126944.0
The Greens,https://datadubai.ae/communities/the-greens/,6.12,4,3506,460,1875000.0
Madinat Badr,https://datadubai.ae/communities/madinat-badr/,6.05,2,300,42,1950000.0
SOBHA HARTLAND,https://datadubai.ae/communities/sobha-hartland/,5.98,5,4270,901,1800000.0
Dubai South Residential District,https://datadubai.ae/communities/dubai-south-residential-district/,5.95,8,4454,1049,1192828.0
Meydan One Community,https://datadubai.ae/communities/meydan-one-community/,5.91,4,6179,948,969410.0
Barsha Heights,https://datadubai.ae/communities/barsha-heights/,5.87,3,4992,109,1800000.0
Jumeriah Beach Residence - JBR,https://datadubai.ae/communities/jumeriah-beach-residence-jbr/,5.84,4,2883,436,2550059.0
Meydan Racecourse Community,https://datadubai.ae/communities/meydan-racecourse-community/,5.76,2,1671,167,1416000.0
Business Bay,https://datadubai.ae/communities/business-bay/,5.73,5,14459,2310,1933749.0
Dubai Marina,https://datadubai.ae/communities/dubai-marina/,5.71,5,13618,1860,2007756.0
Dubai Creek Harbour,https://datadubai.ae/communities/dubai-creek-harbour/,5.66,3,5771,1317,2628286.5
TILAL AL GHAF,https://datadubai.ae/communities/tilal-al-ghaf/,5.6,2,1140,191,6800000.0
Festival City,https://datadubai.ae/communities/festival-city/,5.48,1,248,23,3000000.0
Sufouh Gardens,https://datadubai.ae/communities/sufouh-gardens/,5.44,2,320,47,2345310.0
THE SUSTAINABLE CITY,https://datadubai.ae/communities/the-sustainable-city/,5.4,1,61,17,4912500.0
Dubai Maritime City,https://datadubai.ae/communities/dubai-maritime-city/,5.38,1,42,15,2485600.0
Jaddaf Waterfront,https://datadubai.ae/communities/jaddaf-waterfront/,5.38,4,1391,118,1646499.0
City Walk,https://datadubai.ae/communities/city-walk/,5.37,3,937,237,3559000.0
Palm Jumeirah,https://datadubai.ae/communities/palm-jumeirah/,5.34,4,3644,659,4650000.0
Mudon,https://datadubai.ae/communities/mudon/,5.29,2,1106,285,3600000.0
Dubai Harbour,https://datadubai.ae/communities/dubai-harbour/,5.28,3,1297,281,4950000.0
DUBAI HILLS - MAPLE 1,https://datadubai.ae/communities/dubai-hills-maple-1/,5.28,1,179,16,5300000.0
DownTown Dubai,https://datadubai.ae/communities/downtown-dubai/,5.24,4,9024,1739,2926262.0
Wasl 1,https://datadubai.ae/communities/wasl-1/,5.24,3,628,103,2679777.0
LA MER,https://datadubai.ae/communities/la-mer/,5.24,2,614,113,2575000.0
Dubai Water Canal,https://datadubai.ae/communities/dubai-water-canal/,5.11,2,288,84,2640676.0
800 Villas,https://datadubai.ae/communities/800-villas/,5.11,2,550,77,3000000.0
Bluewaters Island,https://datadubai.ae/communities/bluewaters-island/,5.09,1,54,17,5812500.0
Arabian Ranches 3,https://datadubai.ae/communities/arabian-ranches-3/,5.08,2,1491,189,3637800.0
DUBAI HILLS - MAPLE 2,https://datadubai.ae/communities/dubai-hills-maple-2/,5.0,1,158,19,5300000.0
The Valley,https://datadubai.ae/communities/the-valley/,4.94,2,659,231,3280388.0
Dubai World Central,https://datadubai.ae/communities/dubai-world-central/,4.91,4,2500,270,978000.0
Jumeirah Garden City,https://datadubai.ae/communities/jumeirah-garden-city/,4.86,2,3108,85,1428590.0
DUBAI HILLS - MAPLE 3,https://datadubai.ae/communities/dubai-hills-maple-3/,4.74,1,157,22,5600000.0
Mohammed Bin Rashid AL Maktoum District 11,https://datadubai.ae/communities/mohammed-bin-rashid-al-maktoum-district-11/,4.68,1,281,119,2645729.0
Arabian Ranches - 1,https://datadubai.ae/communities/arabian-ranches-1/,4.46,2,845,141,6800000.0
Mina Rashid,https://datadubai.ae/communities/mina-rashid/,4.39,1,43,15,2382888.0
Springs - 1,https://datadubai.ae/communities/springs-1/,4.39,2,178,47,4575000.0
Springs - 2,https://datadubai.ae/communities/springs-2/,4.06,2,140,49,4000000.0
Dubai Investment Park First,https://datadubai.ae/communities/dubai-investment-park-first/,4.01,4,2666,96,1201600.0
Emirates Living,https://datadubai.ae/communities/emirates-living/,4.01,2,1195,210,4999999.5
Site A,https://datadubai.ae/communities/site-a/,3.86,1,101,29,2300000.0
